pid,name,party,district,status,wiki_url,tw（現在）,hp（現在）,X（入力）,個人HP（入力）
P001,逢沢 一郎,自民党,岡山1,現職,https://ja.wikipedia.org/wiki/%E9%80%A2%E6%B2%A2%E4%B8%80%E9%83%8E,https://x.com/ichiroaisawa,,,
P002,青木 ひとみ,参政党,比例・北関東,現職,https://ja.wikipedia.org/wiki/青木ひとみ,,,,
P003,青柳 仁士,日本維新の会,大阪14,現職,https://ja.wikipedia.org/wiki/%E9%9D%92%E6%9F%B3%E4%BB%81%E5%A3%AB,https://x.com/aoyagi_h,,,
P004,青山 繁晴,自民党,兵庫8,現職,https://ja.wikipedia.org/wiki/%E9%9D%92%E5%B1%B1%E7%B9%81%E6%99%B4,https://x.com/aoyamashigeharu,,,
P005,青山 周平,自民党,愛知12,現職,https://ja.wikipedia.org/wiki/%E9%9D%92%E5%B1%B1%E5%91%A8%E5%B9%B3_(%E6%94%BF%E6%B2%BB%E5%AE%B6),https://x.com/ao_shu_office,,,
P006,赤澤 亮正,自民党,鳥取2,現職,https://ja.wikipedia.org/wiki/%E8%B5%A4%E6%B2%A2%E4%BA%AE%E6%AD%A3,https://x.com/ryosei_akazawa,,,
P007,赤羽 一嘉,中道改革連合,比例・近畿,現職,https://ja.wikipedia.org/wiki/%E8%B5%A4%E7%BE%BD%E4%B8%80%E5%98%89,https://x.com/AKBhyogo2ku,,,
P008,あかま 二郎,自民党,神奈川14,現職,https://ja.wikipedia.org/wiki/%E8%B5%A4%E9%96%93%E4%BA%8C%E9%83%8E,https://x.com/tayosei_hosetsu,,,
P009,秋葉 賢也,自民党,比例・東北,現職,https://ja.wikipedia.org/wiki/%E7%A7%8B%E8%91%89%E8%B3%A2%E4%B9%9F,https://x.com/akibakenya,,,
P010,浅田 眞澄美,自民党,比例・九州,現職,https://ja.wikipedia.org/wiki/浅田眞澄美,,,,
P011,浅野 哲,国民民主党,茨城5,現職,https://ja.wikipedia.org/wiki/%E6%B5%85%E9%87%8E%E5%93%B2,https://x.com/asano__satoshi,,,
P012,東 国幹,自民党,北海道6,現職,https://ja.wikipedia.org/wiki/%E6%9D%B1%E5%9B%BD%E5%B9%B9,https://x.com/azuma0217,,,
P013,東 徹,日本維新の会,大阪3,現職,https://ja.wikipedia.org/wiki/%E6%9D%B1%E5%BE%B9_(%E6%94%BF%E6%B2%BB%E5%AE%B6),https://x.com/toru_azuma,,,
P014,畦元 将吾,自民党,東京6,現職,https://ja.wikipedia.org/wiki/%E7%95%A6%E5%85%83%E5%B0%86%E5%90%BE,,,,
P015,麻生 太郎,自民党,福岡8,現職,https://ja.wikipedia.org/wiki/%E9%BA%BB%E7%94%9F%E5%A4%AA%E9%83%8E,https://x.com/Aso_Tarou,,,
P016,阿部 圭史,日本維新の会,兵庫2,現職,https://ja.wikipedia.org/wiki/阿部圭史,,,,
P017,阿部 司,日本維新の会,比例・東京,現職,https://ja.wikipedia.org/wiki/%E9%98%BF%E9%83%A8%E5%8F%B8,https://x.com/abe2kasa,,,
P018,あべ 俊子,自民党,比例・中国,現職,https://ja.wikipedia.org/wiki/%E9%98%BF%E9%83%A8%E4%BF%8A%E5%AD%90,https://x.com/abetoshiko,,,
P019,阿部 弘樹,自民党,比例・九州,現職,https://ja.wikipedia.org/wiki/%E9%98%BF%E9%83%A8%E5%BC%98%E6%A8%B9,https://x.com/HirokiAbe1961,,,
P020,有田 芳生,中道改革連合,比例・東北,現職,https://ja.wikipedia.org/wiki/%E6%9C%89%E7%94%B0%E8%8A%B3%E7%94%9F,https://x.com/aritayoshifu,,,
P021,安藤 たかお,自民党,東京28,現職,https://share.google/VFlanEmTZbCTfw51U,https://x.com/AndoTakao1959,,,
P022,飯泉 嘉門,国民民主党,比例・四国,現職,https://ja.wikipedia.org/wiki/%E9%A3%AF%E6%B3%89%E5%98%89%E9%96%80,https://x.com/iizumik_comeon,,,
P023,五十嵐 清,自民党,栃木2,現職,https://share.google/yM9yw6pUVPliR5LwR,https://x.com/igakiyo1969,,,
P024,池下 卓,日本維新の会,大阪10,現職,https://share.google/X1Nen5V2auVR8PIjp,https://x.com/iketaku_0410,,,
P025,池畑 浩太朗,日本維新の会,比例・近畿,現職,https://ja.wikipedia.org/wiki/%E6%B1%A0%E7%95%91%E6%B5%A9%E5%A4%AA%E6%9C%97,https://x.com/VGZ20ydBf5ouj4c,,,
P026,伊佐 進一,中道改革連合,比例・近畿,現職,https://share.google/jjYP0v8IfTBsrtkLl,https://x.com/isashinichi,,,
P027,石井 啓一,無所属,比例・北関東,現職,https://share.google/JNaaID3EvC2wayQlg,https://x.com/keiichi_ishii_,,,
P028,石井 拓,自民党,愛知13,現職,https://share.google/fbVvhv1TjFfq7Uyq4,https://x.com/takuishii,,,
P029,石川 昭政,自民党,比例・北関東,現職,https://share.google/9pxuKh2X47lo8PvWT,https://x.com/iakimasa1,,,
P030,石川 勝,参政党,比例・近畿,現職,https://ja.wikipedia.org/wiki/石川勝,,,,
P031,石坂 太,自民党,栃木4,現職,https://ja.wikipedia.org/wiki/石坂太,,,,
P032,石田 真敏,自民党,比例・近畿,現職,https://share.google/whsaM5Qug8XeBVcVS,https://x.com/ishidamasatoshi,,,
P033,石破 茂,自民党,鳥取1,現職,https://share.google/edVZW03Nr4n7VgT63,https://x.com/shigeruishiba,,,
P035,石原 宏高,自民党,東京3,現職,https://share.google/LirvVYD5F07QU3RtF,https://x.com/ishiharahirotak,,,
P037,泉 健太,中道改革連合,京都3,現職,https://share.google/INsn5euLC8DMERRie,https://x.com/izmkenta,,,
P039,市村 浩一郎,日本維新の会,比例・近畿,現職,https://share.google/4YTPNETkVX5mrWOJM,https://x.com/ichimura_staff,,,
P040,井出 庸生,自民党,長野3,現職,https://share.google/nsC7dxwNKtmLg7C44,https://x.com/yousei_ide,,,
P042,伊藤 恵介,参政党,比例・東海,現職,https://ja.wikipedia.org/wiki/伊藤恵介,,,,
P043,伊藤 聡,自民党,比例・南関東,現職,https://ja.wikipedia.org/wiki/伊藤聡,,,,
P044,伊藤 信太郎,自民党,比例・東北,現職,https://ja.wikipedia.org/wiki/%E4%BC%8A%E8%97%A4%E4%BF%A1%E5%A4%AA%E9%83%8E,https://x.com/ShintaroIto1121,,,
P045,伊藤 忠彦,自民党,愛知8,現職,https://ja.wikipedia.org/wiki/%E4%BC%8A%E8%97%A4%E4%BF%A1%E5%A4%AA%E9%83%8E,https://x.com/tadahiko_itoh,,,
P046,伊藤 達也,自民党,東京22,現職,https://ja.wikipedia.org/wiki/%E4%BC%8A%E8%97%A4%E9%81%94%E4%B9%9F,https://x.com/tatsuyaito0501,,,
P047,伊東 信久,日本維新の会,比例・近畿,現職,https://ja.wikipedia.org/wiki/%E4%BC%8A%E6%9D%B1%E4%BF%A1%E4%B9%85,https://x.com/nobuhisaito11,,,
P048,伊東 良孝,自民党,比例・北海道,現職,https://ja.wikipedia.org/wiki/%E4%BC%8A%E6%9D%B1%E8%89%AF%E5%AD%9D,https://x.com/kouhou_sousei,,,
P049,稲田 朋美,自民党,福井1,現職,https://ja.wikipedia.org/wiki/%E7%A8%B2%E7%94%B0%E6%9C%8B%E7%BE%8E,https://x.com/dento_to_souzo,,,
P050,稲葉 大輔,自民党,静岡8,現職,https://ja.wikipedia.org/wiki/稲葉大輔,,,,
P052,井野 俊郎,自民党,群馬2,現職,https://ja.wikipedia.org/wiki/%E4%BA%95%E9%87%8E%E4%BF%8A%E9%83%8E,,,,
P053,井上 信治,自民党,東京25,現職,https://ja.wikipedia.org/wiki/%E4%BA%95%E4%B8%8A%E4%BF%A1%E6%B2%BB,,,,
P054,井上 貴博,自民党,福岡1,現職,https://ja.wikipedia.org/wiki/%E4%BA%95%E4%B8%8A%E8%B2%B4%E5%8D%9A_(%E6%94%BF%E6%B2%BB%E5%AE%B6),,,,
P055,井上 英孝,日本維新の会,大阪1,現職,https://ja.wikipedia.org/wiki/%E4%BA%95%E4%B8%8A%E8%8B%B1%E5%AD%9D,https://x.com/HIDETAKAINOUE,,,
P056,井林 辰憲,自民党,静岡2,現職,https://ja.wikipedia.org/wiki/%E4%BA%95%E6%9E%97%E8%BE%B0%E6%86%B2,https://x.com/T_Ibayashi,,,
P057,井原 巧,自民党,愛媛2,現職,https://ja.wikipedia.org/wiki/%E4%BA%95%E5%8E%9F%E5%B7%A7,https://x.com/takumi_ihara,,,
P058,井原 隆,自民党,埼玉5,現職,https://ja.wikipedia.org/wiki/井原隆,,,,
P059,今枝 宗一郎,自民党,愛知14,現職,https://ja.wikipedia.org/wiki/%E4%BB%8A%E6%9E%9D%E5%AE%97%E4%B8%80%E9%83%8E,https://x.com/imaeda_soichiro,,,
P060,今岡 植,自民党,東京26,現職,https://ja.wikipedia.org/wiki/今岡植,,,,
P061,岩崎 比菜,自民党,比例・南関東,現職,https://ja.wikipedia.org/wiki/岩崎比菜,,,,
P062,岩田 和親,自民党,佐賀1,現職,https://ja.wikipedia.org/wiki/%E5%B2%A9%E7%94%B0%E5%92%8C%E8%A6%AA,https://x.com/Kazuchika_Iwata,,,
P063,岩谷 良平,日本維新の会,大阪13,現職,https://ja.wikipedia.org/wiki/%E5%B2%A9%E8%B0%B7%E8%89%AF%E5%B9%B3,https://x.com/Iwatani_Ryohei,,,
P064,岩屋 毅,自民党,大分3,現職,https://ja.wikipedia.org/wiki/%E5%B2%A9%E5%B1%8B%E6%AF%85,,,,
P065,上杉 謙太郎,自民党,福島3,現職,https://ja.wikipedia.org/wiki/%E4%B8%8A%E6%9D%89%E8%AC%99%E5%A4%AA%E9%83%8E,https://x.com/uesugi_jimusyo,,,
P067,上野 賢一郎,自民党,滋賀2,現職,https://ja.wikipedia.org/wiki/%E4%B8%8A%E9%87%8E%E8%B3%A2%E4%B8%80%E9%83%8E,https://x.com/Ueno_Kenichiro,,,
P068,上野 宏史,自民党,比例・九州,現職,https://ja.wikipedia.org/wiki/%E4%B8%8A%E9%87%8E%E5%AE%8F%E5%8F%B2,https://x.com/ueno_hiroshi,,,
P069,上原 正裕,自民党,神奈川9,現職,https://ja.wikipedia.org/wiki/上原正裕,,,,
P070,浮島 智子,中道改革連合,比例・北海道,現職,https://ja.wikipedia.org/wiki/%E6%B5%AE%E5%B3%B6%E3%81%A8%E3%82%82%E5%AD%90,https://x.com/Tomo_Ukishima,,,
P073,内山 こう,自民党,新潟1,現職,https://ja.wikipedia.org/wiki/内山こう,,,,
P074,梅村 聡,日本維新の会,大阪5,現職,https://ja.wikipedia.org/wiki/%E6%A2%85%E6%9D%91%E8%81%A1,https://x.com/umemura_ishin,,,
P075,浦野 靖人,日本維新の会,大阪15,現職,https://ja.wikipedia.org/wiki/%E6%B5%A6%E9%87%8E%E9%9D%96%E4%BA%BA,https://x.com/uranoyasuto,,,
P076,うるま 譲司,日本維新の会,大阪8,現職,https://ja.wikipedia.org/wiki/%E6%BC%86%E9%96%93%E8%AD%B2%E5%8F%B8,https://x.com/urumageorge,,,
P077,江渡 聡徳,自民党,比例・東北,現職,https://ja.wikipedia.org/wiki/%E6%B1%9F%E6%B8%A1%E8%81%A1%E5%BE%B3,https://x.com/ETO_Akinori,,,
P078,江藤 拓,自民党,比例・九州,現職,https://ja.wikipedia.org/wiki/%E6%B1%9F%E8%97%A4%E6%8B%93,https://x.com/etoh_taku,,,
P079,衛藤 博昭,自民党,大分1,現職,https://ja.wikipedia.org/wiki/衛藤博昭,,,,
P080,英利アルフィヤ,自民党,千葉5,現職,https://ja.wikipedia.org/wiki/%E8%8B%B1%E5%88%A9%E3%82%A2%E3%83%AB%E3%83%95%E3%82%A3%E3%83%A4,https://x.com/eri_arfiya,,,
P081,遠藤 敬,日本維新の会,大阪18,現職,https://ja.wikipedia.org/wiki/%E9%81%A0%E8%97%A4%E6%95%AC,,,,
P082,遠藤 寛明,自民党,山形1,現職,https://ja.wikipedia.org/wiki/%E9%81%A0%E8%97%A4%E5%AF%9B%E6%98%8E,https://x.com/endohiroaki1121,,,
P083,大岡 敏孝,自民党,滋賀1,現職,https://ja.wikipedia.org/wiki/%E5%A4%A7%E5%B2%A1%E6%95%8F%E5%AD%9D,https://x.com/OookaToshitaka,,,
P084,大串 正樹,自民党,兵庫6,現職,https://ja.wikipedia.org/wiki/%E5%A4%A7%E4%B8%B2%E6%AD%A3%E6%A8%B9,https://x.com/Ogushi_Masaki,,,
P085,大島 敦,中道改革連合,比例・北関東,現職,https://ja.wikipedia.org/wiki/大島敦,,,,
P086,大空 幸星,自民党,東京15,現職,https://ja.wikipedia.org/wiki/%E5%A4%A7%E7%A9%BA%E5%B9%B8%E6%98%9F,https://x.com/ozorakoki,,,
P087,大塚 拓,自民党,埼玉9,現職,https://ja.wikipedia.org/wiki/大塚拓,https://x.com/otsukataku,,,
P088,大西 洋平,自民党,東京16,現職,https://ja.wikipedia.org/wiki/大西洋平,,,,
P089,大野 敬太郎,自民党,香川3,現職,https://ja.wikipedia.org/wiki/大野敬太郎,https://x.com/keitaro_ohno,,,
P090,大森 江里子,中道改革連合,比例・東京,現職,https://ja.wikipedia.org/wiki/大森江里子,,,,
P091,緒方 林太郎,無所属,福岡9,現職,https://ja.wikipedia.org/wiki/緒方林太郎,,,,
P092,岡野 純子,国民民主党,比例・南関東,現職,https://ja.wikipedia.org/wiki/岡野純子,,,,
P093,岡本 三成,中道改革連合,比例・東京,現職,https://ja.wikipedia.org/wiki/岡本三成,https://x.com/okamoto3nari,,,
P094,岡本 康宏,自民党,愛知5,現職,https://ja.wikipedia.org/wiki/岡本康宏,,,,
P095,小川 淳也,中道改革連合,香川1,現職,https://ja.wikipedia.org/wiki/小川淳也,https://x.com/junyaog,,,
P096,奥下 剛光,日本維新の会,大阪7,現職,https://ja.wikipedia.org/wiki/奥下剛光,https://x.com/okutake10,,,
P097,尾崎 正直,自民党,高知2,現職,https://ja.wikipedia.org/wiki/%E5%B0%BE%EF%A8%91%E6%AD%A3%E7%9B%B4,https://x.com/masaozaki,,,
P098,長田 紘一郎,自民党,比例・東海,現職,https://ja.wikipedia.org/wiki/長田紘一郎,,,,
P099,小里 泰弘,自民党,比例・九州,現職,https://ja.wikipedia.org/wiki/%E5%B0%8F%E9%87%8C%E6%B3%B0%E5%BC%98,https://x.com/ozato_yasuhiro,,,
P100,小竹 凱,国民民主党,比例・北陸信越,現職,https://ja.wikipedia.org/wiki/小竹凱,,,,
P101,小田原 潔,自民党,東京21,現職,https://ja.wikipedia.org/wiki/%E5%B0%8F%E7%94%B0%E5%8E%9F%E6%BD%94,https://x.com/odawarakiyoshi,,,
P102,落合 貴之,中道改革連合,比例・東京,現職,https://ja.wikipedia.org/wiki/%E8%90%BD%E5%90%88%E8%B2%B4%E4%B9%8B,https://x.com/kharaguchi,,,
P103,鬼木 誠,自民党,福岡2,現職,https://ja.wikipedia.org/wiki/鬼木誠,https://x.com/onikidon,,,
P104,小野寺 五典,自民党,宮城5,現職,https://ja.wikipedia.org/wiki/小野寺五典,https://x.com/itsunori510,,,
P105,尾花 瑛仁,自民党,埼玉6,現職,https://ja.wikipedia.org/wiki/尾花瑛仁,,,,
P106,小渕 優子,自民党,群馬5,現職,https://ja.wikipedia.org/wiki/小渕優子,,,,
P107,尾身 朝子,自民党,比例・北関東,現職,https://ja.wikipedia.org/wiki/尾身朝子,https://x.com/asako_omi,,,
P108,河西 宏一,中道改革連合,比例・東京,現職,https://ja.wikipedia.org/wiki/河西宏一,https://x.com/kasai_koichi,,,
P109,鹿嶋 祐介,自民党,千葉4,現職,https://ja.wikipedia.org/wiki/鹿嶋祐介,,,,
P110,梶山 弘志,自民党,茨城4,現職,https://ja.wikipedia.org/wiki/梶山弘志,https://x.com/kajiyamahiroshi,,,
P111,柏倉 祐司,日本維新の会,比例・北関東,現職,https://ja.wikipedia.org/wiki/柏倉祐司,https://x.com/Kashiwakura_Y,,,
P112,勝俣 孝明,自民党,静岡6,現職,https://ja.wikipedia.org/wiki/勝俣孝明,https://x.com/takaaki_katsu,,,
P113,勝目 康,自民党,京都1,現職,https://ja.wikipedia.org/wiki/勝目康,https://x.com/KatsumeYasushi,,,
P114,門 寛子,自民党,東京8,現職,https://ja.wikipedia.org/wiki/門寛子,,,,
P115,加藤 鮎子,自民党,山形3,現職,https://ja.wikipedia.org/wiki/加藤鮎子,https://x.com/katoayuko_and_s,,,
P116,加藤 勝信,自民党,岡山3,現職,https://ja.wikipedia.org/wiki/加藤勝信,https://x.com/KatsunobuKato1,,,
P117,加藤 貴弘,自民党,北海道1,現職,https://ja.wikipedia.org/wiki/加藤貴弘,,,,
P118,加藤 大博,自民党,岐阜4,現職,https://ja.wikipedia.org/wiki/加藤大博,,,,
P119,加藤 竜祥,自民党,長崎2,現職,https://ja.wikipedia.org/wiki/加藤竜祥,https://x.com/Katoryusho,,,
P120,門山 宏哲,自民党,千葉1,現職,https://ja.wikipedia.org/wiki/門山宏哲,https://x.com/kado_support,,,
P121,金澤 結衣,自民党,神奈川20,現職,https://ja.wikipedia.org/wiki/金澤結衣,,,,
P122,金子 恵美,中道改革連合,比例・東北,現職,https://ja.wikipedia.org/wiki/金子恵美,https://x.com/kanekomegumioff,,,
P123,金子 恭之,自民党,熊本4,現職,https://ja.wikipedia.org/wiki/金子恭之,https://x.com/nekotanchan,,,
P124,金子 容三,自民党,長崎3,現職,https://ja.wikipedia.org/wiki/金子容三,,,,
P125,金村 龍那,日本維新の会,比例・南関東,現職,https://ja.wikipedia.org/wiki/金村龍那,https://x.com/kanemura_you,,,
P126,上川 陽子,自民党,静岡1,現職,https://ja.wikipedia.org/wiki/%E4%B8%8A%E5%B7%9D%E9%99%BD%E5%AD%90,https://x.com/Kamikawa_Yoko,,,
P127,神谷 裕,中道改革連合,北海道10,現職,https://ja.wikipedia.org/wiki/%E7%A5%9E%E8%B0%B7%E8%A3%95,https://x.com/kamiyahokkaido,,,
P128,川 裕一郎,参政党,比例・北陸信越,現職,https://ja.wikipedia.org/wiki/川裕一郎,,,,
P129,河井 昭成,国民民主党,比例・近畿,現職,https://ja.wikipedia.org/wiki/河井昭成,,,,
P130,河合 道雄,チームみらい,比例・南関東,現職,https://ja.wikipedia.org/wiki/河合道雄,,,,
P131,川崎 ひでと,自民党,三重2,現職,https://ja.wikipedia.org/wiki/%E5%B7%9D%E5%B4%8E%E7%A7%80%E4%BA%BA,https://x.com/kawasaki_hideto,,,
P132,河野 正美,自民党,比例・九州,現職,https://ja.wikipedia.org/wiki/%E6%B2%B3%E9%87%8E%E6%AD%A3%E7%BE%8E,https://x.com/mkawano2416,,,
P133,河野 義博,中道改革連合,比例・九州,現職,https://ja.wikipedia.org/wiki/河野義博,,,,
P134,川松 真一朗,自民党,東京23,現職,https://ja.wikipedia.org/wiki/川松真一朗,,,,
P135,河村 たかし,無所属,愛知1,現職,https://ja.wikipedia.org/wiki/%E6%B2%B3%E6%9D%91%E3%81%9F%E3%81%8B%E3%81%97,https://x.com/kawamura758,,,
P136,菅家 一郎,自民党,比例・東北,現職,https://ja.wikipedia.org/wiki/%E8%8F%85%E5%AE%B6%E4%B8%80%E9%83%8E,https://x.com/kanke_ichirou,,,
P137,神田 潤一,自民党,青森2,現職,https://ja.wikipedia.org/wiki/%E7%A5%9E%E7%94%B0%E6%BD%A4%E4%B8%80,https://x.com/Jun1CanDo,,,
P138,城内 実,自民党,静岡7,現職,https://ja.wikipedia.org/wiki/%E5%9F%8E%E5%86%85%E5%AE%9F,https://x.com/minoru_kiuchi,,,
P139,黄川田 仁志,自民党,埼玉3,現職,https://ja.wikipedia.org/wiki/%E9%BB%84%E5%B7%9D%E7%94%B0%E4%BB%81%E5%BF%97,https://x.com/kikawadahitoshi,,,
P140,菊田 真紀子,中道改革連合,比例・北陸信越,現職,https://ja.wikipedia.org/wiki/%E8%8F%8A%E7%94%B0%E7%9C%9F%E7%B4%80%E5%AD%90,https://x.com/kikuta_official,,,
P141,岸 信千世,自民党,山口2,現職,https://ja.wikipedia.org/wiki/岸信千世,,,,
P142,岸田 文雄,自民党,広島1,現職,https://ja.wikipedia.org/wiki/%E5%B2%B8%E7%94%B0%E6%96%87%E9%9B%84,https://x.com/kishida230,,,
P143,喜多 義典,日本維新の会,比例・中国,現職,https://ja.wikipedia.org/wiki/喜多義典,,,,
P144,北神 圭朗,自民党,京都4,現職,https://ja.wikipedia.org/wiki/%E5%8C%97%E7%A5%9E%E5%9C%AD%E6%9C%97,https://x.com/kitagamikeiro,,,
P145,木下 敏之,参政党,比例・九州,現職,https://ja.wikipedia.org/wiki/木下敏之,,,,
P146,木原 誠二,自民党,東京20,現職,https://ja.wikipedia.org/wiki/%E6%9C%A8%E5%8E%9F%E8%AA%A0%E4%BA%8C,https://x.com/kihara_seiji,,,
P147,木原 稔,自民党,熊本1,現職,https://ja.wikipedia.org/wiki/%E6%9C%A8%E5%8E%9F%E7%A8%94,https://x.com/kihara_minoru,,,
P148,木村 次郎,自民党,青森3,現職,https://ja.wikipedia.org/wiki/%E6%9C%A8%E6%9D%91%E6%AC%A1%E9%83%8E,https://x.com/jiro_kimura_,,,
P149,金城 泰邦,中道改革連合,比例・九州,現職,https://ja.wikipedia.org/wiki/金城泰邦,,,,
P150,草間 剛,自民党,神奈川19,現職,https://ja.wikipedia.org/wiki/草間剛,,,,
P151,工藤 彰三,自民党,愛知4,現職,https://ja.wikipedia.org/wiki/%E5%B7%A5%E8%97%A4%E5%BD%B0%E4%B8%89,https://x.com/kudoshozo_aichi,,,
P152,工藤 聖子,参政党,比例・南関東,現職,https://ja.wikipedia.org/wiki/工藤聖子,,,,
P153,国定 勇人,自民党,新潟2,現職,https://ja.wikipedia.org/wiki/%E5%9B%BD%E5%AE%9A%E5%8B%87%E4%BA%BA,https://x.com/kunisadaisato,,,
P154,國重 徹,中道改革連合,比例・近畿,現職,https://ja.wikipedia.org/wiki/%E5%9C%8B%E9%87%8D%E5%BE%B9,https://x.com/ToruKunishige,,,
P155,国光 あやの,自民党,茨城6,現職,https://ja.wikipedia.org/wiki/%E5%9B%BD%E5%85%89%E6%96%87%E4%B9%83,https://x.com/ayano_kunimitsu,,,
P156,熊田 裕通,自民党,比例・東海,現職,https://ja.wikipedia.org/wiki/%E7%86%8A%E7%94%B0%E8%A3%95%E9%80%9A,https://x.com/kumada_aichi1,,,
P157,栗原 渉,自民党,福岡5,現職,https://ja.wikipedia.org/wiki/栗原渉,,,,
P158,黒崎 祐一,自民党,東京27,現職,https://ja.wikipedia.org/wiki/黒崎祐一,,,,
P159,黒田 征樹,日本維新の会,大阪16,現職,https://ja.wikipedia.org/wiki/黒田征樹,,,,
P160,小池 正昭,自民党,千葉10,現職,https://ja.wikipedia.org/wiki/小池正昭,,,,
P161,小泉 進次郎,自民党,神奈川11,現職,https://ja.wikipedia.org/wiki/%E5%B0%8F%E6%B3%89%E9%80%B2%E6%AC%A1%E9%83%8E,https://x.com/shinjirokoiz,,,
P162,小泉 龍司,自民党,埼玉11,現職,https://ja.wikipedia.org/wiki/%E5%B0%8F%E6%B3%89%E9%BE%8D%E5%8F%B8,,,,
P163,河野 太郎,自民党,神奈川15,現職,https://ja.wikipedia.org/wiki/%E6%B2%B3%E9%87%8E%E5%A4%AA%E9%83%8E,https://x.com/konotarogomame,,,
P164,高村 正大,自民党,山口1,現職,https://ja.wikipedia.org/wiki/高村正大,,,,
P165,こうらい啓一郎,自民党,比例・近畿,現職,https://ja.wikipedia.org/wiki/こうらい啓一郎,,,,
P166,古賀 篤,自民党,福岡3,現職,https://ja.wikipedia.org/wiki/古賀篤,,,,
P167,國場 幸之助,自民党,沖縄1,現職,https://ja.wikipedia.org/wiki/國場幸之助,,,,
P168,輿水 恵一,中道改革連合,比例・北関東,現職,https://ja.wikipedia.org/wiki/輿水恵一,,,,
P169,小寺 裕雄,自民党,比例・近畿,現職,https://ja.wikipedia.org/wiki/小寺裕雄,,,,
P170,後藤 茂之,自民党,長野4,現職,https://ja.wikipedia.org/wiki/後藤茂之,,,,
P171,後藤 祐一,中道改革連合,比例・南関東,現職,https://ja.wikipedia.org/wiki/後藤祐一,,,,
P172,許斐 亮太郎,国民民主党,比例・九州,現職,https://ja.wikipedia.org/wiki/許斐亮太郎,,,,
P173,小林 茂樹,自民党,奈良1,現職,https://ja.wikipedia.org/wiki/小林茂樹,,,,
P174,小林 修平,チームみらい,比例・南関東,現職,https://ja.wikipedia.org/wiki/小林修平,,,,
P175,小林 鷹之,自民党,千葉2,現職,https://ja.wikipedia.org/wiki/小林鷹之,https://x.com/kobahawk,,,
P176,小林 史明,自民党,広島6,現職,https://ja.wikipedia.org/wiki/小林史明,https://x.com/fumiaki_kobashi,,,
P177,小森 卓郎,自民党,石川1,現職,https://ja.wikipedia.org/wiki/%E5%B0%8F%E6%A3%AE%E5%8D%93%E9%83%8E,https://x.com/takuokomori_1,,,
P178,今 洋佑,自民党,比例・北陸信越,現職,https://ja.wikipedia.org/wiki/今洋佑,,,,
P179,近藤 和也,中道改革連合,比例・北陸信越,現職,https://ja.wikipedia.org/wiki/%E8%BF%91%E8%97%A4%E5%92%8C%E4%B9%9F,https://x.com/kondokazuya_,,,
P180,近藤 雅彦,国民民主党,比例・九州,現職,https://ja.wikipedia.org/wiki/近藤雅彦,,,,
P181,斉木 武志,自民党,福井2,現職,https://ja.wikipedia.org/wiki/斉木武志,,,,
P182,西條 昌良,自民党,比例・北関東,現職,https://ja.wikipedia.org/wiki/西條昌良,,,,
P183,斎藤アレックス,日本維新の会,比例・近畿,現職,https://ja.wikipedia.org/wiki/%E6%96%8E%E8%97%A4%E3%82%A2%E3%83%AC%E3%83%83%E3%82%AF%E3%82%B9,https://x.com/AlexSaito2019,,,
P184,齋藤 健,自民党,千葉7,現職,https://ja.wikipedia.org/wiki/%E9%BD%8B%E8%97%A4%E5%81%A5,https://x.com/saitou_ken,,,
P185,斉藤 鉄夫,中道改革連合,比例・中国,現職,https://ja.wikipedia.org/wiki/%E6%96%89%E8%97%A4%E9%89%84%E5%A4%AB,https://x.com/saitotetsuo,,,
P186,斎藤 洋明,自民党,新潟3,現職,https://ja.wikipedia.org/wiki/斎藤洋明,,,,
P187,斉藤 りえ,自民党,比例・東海,現職,https://ja.wikipedia.org/wiki/斉藤りえ,,,,
P188,坂井 学,自民党,神奈川5,現職,https://ja.wikipedia.org/wiki/坂井学,,,,
P189,坂本 哲志,自民党,熊本3,現職,https://ja.wikipedia.org/wiki/坂本哲志,,,,
P190,坂本 竜太郎,自民党,福島4,現職,https://ja.wikipedia.org/wiki/坂本竜太郎,,,,
P191,笹川 博義,自民党,群馬3,現職,https://ja.wikipedia.org/wiki/笹川博義,,,,
P192,佐々木 紀,自民党,石川2,現職,https://ja.wikipedia.org/wiki/佐々木紀,,,,
P193,佐々木 真琴,国民民主党,比例・東北,現職,https://ja.wikipedia.org/wiki/佐々木真琴,,,,
P194,佐藤 英道,中道改革連合,比例・北海道,現職,https://ja.wikipedia.org/wiki/佐藤英道,,,,
P195,佐藤 主迪,自民党,神奈川16,現職,https://ja.wikipedia.org/wiki/佐藤主迪,,,,
P196,塩川 鉄也,日本共産党,比例・北関東,現職,https://ja.wikipedia.org/wiki/塩川鉄也,,,,
P197,塩崎 彰久,自民党,愛媛1,現職,https://ja.wikipedia.org/wiki/塩崎彰久,,,,
P198,重徳 和彦,中道改革連合,比例・東海,現職,https://ja.wikipedia.org/wiki/重徳和彦,,,,
P199,繁本 護,自民党,比例・近畿,現職,https://ja.wikipedia.org/wiki/繁本護,,,,
P200,階 猛,中道改革連合,岩手1,現職,https://ja.wikipedia.org/wiki/階猛,,,,
P201,柴山 昌彦,自民党,埼玉8,現職,https://ja.wikipedia.org/wiki/柴山昌彦,,,,
P202,島尻 安伊子,自民党,沖縄3,現職,https://ja.wikipedia.org/wiki/島尻安伊子,,,,
P203,島田 智明,自民党,比例・近畿,現職,https://ja.wikipedia.org/wiki/島田智明,,,,
P204,島村 かおる,参政党,比例・中国,現職,https://ja.wikipedia.org/wiki/島村かおる,,,,
P205,下村 博文,自民党,東京11,現職,https://ja.wikipedia.org/wiki/下村博文,,,,
P206,庄子 賢一,中道改革連合,比例・東北,現職,https://ja.wikipedia.org/wiki/庄子賢一,,,,
P207,白坂 亜紀,自民党,比例・九州,現職,https://ja.wikipedia.org/wiki/白坂亜紀,,,,
P208,新谷 正義,自民党,広島4,現職,https://ja.wikipedia.org/wiki/新谷正義,,,,
P209,新藤 義孝,自民党,埼玉2,現職,https://ja.wikipedia.org/wiki/新藤義孝,,,,
P210,菅原 一秀,自民党,東京9,現職,https://ja.wikipedia.org/wiki/菅原一秀,,,,
P211,鈴木 英敬,自民党,三重4,現職,https://ja.wikipedia.org/wiki/鈴木英敬,,,,
P212,鈴木 馨祐,自民党,神奈川7,現職,https://ja.wikipedia.org/wiki/鈴木馨祐,,,,
P213,鈴木 俊一,自民党,岩手2,現職,https://ja.wikipedia.org/wiki/鈴木俊一,,,,
P214,鈴木 淳司,自民党,比例・東海,現職,https://ja.wikipedia.org/wiki/%E9%88%B4%E6%9C%A8%E6%B7%B3%E5%8F%B8,https://x.com/jyunji_suzuki,,,
P215,鈴木 貴子,自民党,北海道7,現職,https://ja.wikipedia.org/wiki/鈴木貴子,,,,
P216,鈴木 拓海,自民党,比例・北関東,現職,https://ja.wikipedia.org/wiki/鈴木拓海,,,,
P217,鈴木 憲和,自民党,山形2,現職,https://ja.wikipedia.org/wiki/%E9%88%B4%E6%9C%A8%E6%86%B2%E5%92%8C,https://x.com/norikazu_0130,,,
P218,鈴木 隼人,自民党,東京10,現職,https://ja.wikipedia.org/wiki/鈴木隼人,,,,
P219,鈴木 美香,参政党,比例・東京,現職,https://ja.wikipedia.org/wiki/鈴木美香,,,,
P220,鈴木 義弘,国民民主党,比例・北関東,現職,https://ja.wikipedia.org/wiki/鈴木義弘,,,,
P221,須田 英太郎,チームみらい,比例・東海,現職,https://ja.wikipedia.org/wiki/須田英太郎,,,,
P222,住吉 寛紀,日本維新の会,比例・近畿,現職,https://ja.wikipedia.org/wiki/住吉寛紀,,,,
P223,関 健一郎,日本維新の会,比例・東海,現職,https://ja.wikipedia.org/wiki/関健一郎,,,,
P224,関 芳弘,自民党,兵庫3,現職,https://ja.wikipedia.org/wiki/関芳弘,,,,
P225,世古 万美子,自民党,比例・東海,現職,https://ja.wikipedia.org/wiki/世古万美子,,,,
P226,世耕 弘成,自民党,和歌山2,現職,https://ja.wikipedia.org/wiki/世耕弘成,https://x.com/SekoHiroshige,,,
P227,瀬戸 隆一,自民党,比例・四国,現職,https://ja.wikipedia.org/wiki/瀬戸隆一,,,,
P228,園崎 弘道,自民党,京都6,現職,https://ja.wikipedia.org/wiki/園崎弘道,,,,
P229,平 将明,自民党,東京4,現職,https://ja.wikipedia.org/wiki/平将明,https://x.com/TAIRAMASAaki,,,
P230,高市 早苗,自民党,奈良2,現職,https://ja.wikipedia.org/wiki/高市早苗,https://x.com/takaichi_sanae,,,
P231,高階 恵美子,自民党,島根1,現職,https://ja.wikipedia.org/wiki/高階恵美子,,,,
P232,高木 啓,自民党,東京12,現職,https://ja.wikipedia.org/wiki/高木啓,,,,
P233,高木 宏壽,自民党,北海道3,現職,https://ja.wikipedia.org/wiki/高木宏壽,,,,
P234,高沢 一基,国民民主党,比例・東京,現職,https://ja.wikipedia.org/wiki/高沢一基,,,,
P235,高鳥 修一,自民党,新潟5,現職,https://ja.wikipedia.org/wiki/高鳥修一,,,,
P236,高橋 祐介,自民党,北海道2,現職,https://ja.wikipedia.org/wiki/高橋祐介,,,,
P237,高見 康裕,自民党,島根2,現職,https://ja.wikipedia.org/wiki/高見康裕,,,,
P238,高見 亮,日本維新の会,大阪2,現職,https://ja.wikipedia.org/wiki/高見亮,,,,
P239,高山 聡史,チームみらい,比例・東京,現職,https://ja.wikipedia.org/wiki/高山聡史,,,,
P240,武井 俊輔,自民党,比例・九州,現職,https://ja.wikipedia.org/wiki/武井俊輔,,,,
P241,武田 良太,自民党,福岡11,現職,https://ja.wikipedia.org/wiki/武田良太,,,,
P242,武部 新,自民党,北海道12,現職,https://ja.wikipedia.org/wiki/武部新,,,,
P243,武村 展英,自民党,滋賀3,現職,https://ja.wikipedia.org/wiki/武村展英,,,,
P244,田嶋 要,中道改革連合,比例・南関東,現職,https://ja.wikipedia.org/wiki/田嶋要,,,,
P245,橘 慶一郎,自民党,富山3,現職,https://ja.wikipedia.org/wiki/橘慶一郎,,,,
P246,辰巳 孝太郎,日本共産党,比例・近畿,現職,https://ja.wikipedia.org/wiki/辰巳孝太郎,,,,
P247,田所 嘉徳,自民党,茨城1,現職,https://ja.wikipedia.org/wiki/田所嘉徳,,,,
P248,田中 和徳,自民党,神奈川10,現職,https://ja.wikipedia.org/wiki/田中和徳,,,,
P249,田中 健,国民民主党,比例・東海,現職,https://ja.wikipedia.org/wiki/田中健,,,,
P250,田中 昌史,自民党,比例・東京,現職,https://ja.wikipedia.org/wiki/田中昌史,,,,
P251,田中 良生,自民党,埼玉15,現職,https://ja.wikipedia.org/wiki/田中良生,,,,
P252,棚橋 泰文,自民党,岐阜2,現職,https://ja.wikipedia.org/wiki/棚橋泰文,,,,
P253,谷 公一,自民党,兵庫5,現職,https://ja.wikipedia.org/wiki/谷公一,,,,
P254,谷 浩一郎,参政党,比例・近畿,現職,https://ja.wikipedia.org/wiki/谷浩一郎,,,,
P255,谷川 とむ,自民党,大阪19,現職,https://ja.wikipedia.org/wiki/谷川とむ,,,,
P256,田野瀬 太道,自民党,奈良3,現職,https://ja.wikipedia.org/wiki/田野瀬太道,,,,
P257,田畑 裕明,自民党,比例・北陸信越,現職,https://ja.wikipedia.org/wiki/田畑裕明,,,,
P258,玉木 雄一郎,国民民主党,香川2,現職,https://ja.wikipedia.org/wiki/玉木雄一郎,https://x.com/tamakiyuichiro,,,
P259,田宮 寿人,自民党,千葉9,現職,https://ja.wikipedia.org/wiki/田宮寿人,,,,
P260,田村 智子,日本共産党,比例・東京,現職,https://ja.wikipedia.org/wiki/田村智子,https://x.com/tamutomojcp,,,
P261,田村 憲久,自民党,三重1,現職,https://ja.wikipedia.org/wiki/田村憲久,,,,
P262,俵田 祐児,自民党,比例・中国,現職,https://ja.wikipedia.org/wiki/俵田祐児,,,,
P263,丹野 みどり,国民民主党,愛知11,現職,https://ja.wikipedia.org/wiki/丹野みどり,,,,
P264,辻 清人,自民党,東京2,現職,https://ja.wikipedia.org/wiki/辻清人,,,,
P265,辻 秀樹,自民党,比例・東海,現職,https://ja.wikipedia.org/wiki/辻秀樹,,,,
P266,辻 由布子,自民党,比例・東京,現職,https://ja.wikipedia.org/wiki/辻由布子,,,,
P267,津島 淳,自民党,青森1,現職,https://ja.wikipedia.org/wiki/津島淳,,,,
P268,土田 慎,自民党,東京13,現職,https://ja.wikipedia.org/wiki/土田慎,,,,
P269,土屋 品子,自民党,埼玉16,現職,https://ja.wikipedia.org/wiki/土屋品子,,,,
P270,角田 秀穂,中道改革連合,比例・南関東,現職,https://ja.wikipedia.org/wiki/角田秀穂,,,,
P271,寺田 稔,自民党,比例・中国,現職,https://ja.wikipedia.org/wiki/寺田稔,,,,
P272,土井 亨,自民党,宮城1,現職,https://ja.wikipedia.org/wiki/土井亨,,,,
P273,渡海 紀三朗,自民党,兵庫10,現職,https://ja.wikipedia.org/wiki/渡海紀三朗,,,,
P274,冨樫 博之,自民党,秋田1,現職,https://ja.wikipedia.org/wiki/冨樫博之,,,,
P275,とかしきなおみ,自民党,比例・近畿,現職,https://ja.wikipedia.org/wiki/とかしきなおみ,,,,
P276,土橋 章宏,チームみらい,比例・東京,現職,https://ja.wikipedia.org/wiki/土橋章宏,,,,
P277,豊田 真由子,参政党,比例・北関東,現職,https://ja.wikipedia.org/wiki/豊田真由子,,,,
P278,永岡 桂子,自民党,比例・北関東,現職,https://ja.wikipedia.org/wiki/永岡桂子,,,,
P279,中川こういち,自民党,北海道11,現職,https://ja.wikipedia.org/wiki/中川こういち,,,,
P280,中川 貴元,自民党,比例・東海,現職,https://ja.wikipedia.org/wiki/中川貴元,,,,
P281,中川 宏昌,中道改革連合,比例・北陸信越,現職,https://ja.wikipedia.org/wiki/中川宏昌,,,,
P282,中川 康洋,中道改革連合,比例・東海,現職,https://ja.wikipedia.org/wiki/中川康洋,,,,
P283,長坂 康正,自民党,愛知9,現職,https://ja.wikipedia.org/wiki/%E9%95%B7%E5%9D%82%E5%BA%B7%E6%AD%A3,https://x.com/nagasakajimusho,,,
P284,長澤 興祐,自民党,東京29,現職,https://ja.wikipedia.org/wiki/長澤興祐,,,,
P285,長島 昭久,自民党,東京30,現職,https://ja.wikipedia.org/wiki/%E9%95%B7%E5%B3%B6%E6%98%AD%E4%B9%85,https://x.com/nagashima21,,,
P286,中曽根 康隆,自民党,群馬1,現職,https://ja.wikipedia.org/wiki/中曽根康隆,,,,
P287,中田 宏,自民党,富山1,現職,https://ja.wikipedia.org/wiki/中田宏,,,,
P288,永田 磨梨奈,自民党,神奈川4,現職,https://ja.wikipedia.org/wiki/永田磨梨奈,,,,
P289,中谷 元,自民党,高知1,現職,https://ja.wikipedia.org/wiki/%E4%B8%AD%E8%B0%B7%E5%85%83,https://x.com/gen_nakatani,,,
P290,中谷 真一,自民党,山梨1,現職,https://ja.wikipedia.org/wiki/%E4%B8%AD%E8%B0%B7%E7%9C%9F%E4%B8%80,https://x.com/nakatani80,,,
P291,中司 宏,日本維新の会,大阪11,現職,https://ja.wikipedia.org/wiki/中司宏,,,,
P292,長妻 昭,中道改革連合,比例・東京,現職,https://ja.wikipedia.org/wiki/長妻昭,,,,
P293,長友 慎治,国民民主党,宮崎2,現職,https://ja.wikipedia.org/wiki/長友慎治,,,,
P294,中西 健治,自民党,神奈川3,現職,https://ja.wikipedia.org/wiki/中西健治,,,,
P295,中根 一幸,自民党,比例・北関東,現職,https://ja.wikipedia.org/wiki/中根一幸,,,,
P296,中野 英幸,自民党,埼玉7,現職,https://ja.wikipedia.org/wiki/中野英幸,,,,
P297,中野 洋昌,中道改革連合,比例・近畿,現職,https://ja.wikipedia.org/wiki/中野洋昌,,,,
P298,長野 春信,自民党,比例・南関東,現職,https://ja.wikipedia.org/wiki/長野春信,,,,
P299,中村 はやと,無所属,茨城7,現職,https://ja.wikipedia.org/wiki/中村はやと,,,,
P300,中村 裕之,自民党,北海道4,現職,https://ja.wikipedia.org/wiki/中村裕之,,,,
P301,なかや めぐ,参政党,比例・南関東,現職,https://ja.wikipedia.org/wiki/なかやめぐ,,,,
P302,中山 展宏,自民党,比例・四国,現職,https://ja.wikipedia.org/wiki/中山展宏,,,,
P303,中山 泰秀,自民党,比例・近畿,現職,https://ja.wikipedia.org/wiki/中山泰秀,,,,
P304,鍋島 勢理,国民民主党,比例・中国,現職,https://ja.wikipedia.org/wiki/鍋島勢理,,,,
P305,仁木 博文,自民党,徳島1,現職,https://ja.wikipedia.org/wiki/仁木博文,,,,
P306,西岡 秀子,国民民主党,長崎1,現職,https://ja.wikipedia.org/wiki/西岡秀子,,,,
P307,西岡 義高,国民民主党,比例・南関東,現職,https://ja.wikipedia.org/wiki/西岡義高,,,,
P308,西園 勝秀,中道改革連合,比例・東海,現職,https://ja.wikipedia.org/wiki/西園勝秀,,,,
P309,西田 薫,日本維新の会,大阪6,現職,https://ja.wikipedia.org/wiki/西田薫,,,,
P310,西田 昭二,自民党,石川3,現職,https://ja.wikipedia.org/wiki/西田昭二,,,,
P311,西野 太亮,自民党,熊本2,現職,https://ja.wikipedia.org/wiki/西野太亮,,,,
P312,西村 明宏,自民党,宮城3,現職,https://ja.wikipedia.org/wiki/西村明宏,,,,
P313,西村 智奈美,中道改革連合,比例・北陸信越,現職,https://ja.wikipedia.org/wiki/西村智奈美,,,,
P314,西村 康稔,自民党,兵庫9,現職,https://ja.wikipedia.org/wiki/西村康稔,,,,
P315,西銘 恒三郎,自民党,沖縄4,現職,https://ja.wikipedia.org/wiki/西銘恒三郎,,,,
P316,西山 尚利,自民党,福島1,現職,https://ja.wikipedia.org/wiki/西山尚利,,,,
P317,新田 章文,自民党,神奈川2,現職,https://ja.wikipedia.org/wiki/新田章文,,,,
P318,丹羽 秀樹,自民党,愛知6,現職,https://ja.wikipedia.org/wiki/丹羽秀樹,,,,
P319,額賀 福志郎,自民党,茨城2,現職,https://ja.wikipedia.org/wiki/額賀福志郎,,,,
P320,沼崎 満子,中道改革連合,比例・南関東,現職,https://ja.wikipedia.org/wiki/沼崎満子,,,,
P321,根本 拓,自民党,福島2,現職,https://ja.wikipedia.org/wiki/根本拓,,,,
P322,根本 幸典,自民党,愛知15,現職,https://ja.wikipedia.org/wiki/根本幸典,,,,
P323,野田 聖子,自民党,岐阜1,現職,https://ja.wikipedia.org/wiki/野田聖子,,,,
P324,野田 佳彦,中道改革連合,千葉14,現職,https://ja.wikipedia.org/wiki/野田佳彦,https://x.com/nodasouri,,,
P325,野中 厚,自民党,埼玉12,現職,https://ja.wikipedia.org/wiki/野中厚,,,,
P326,野間 健,中道改革連合,鹿児島3,現職,https://ja.wikipedia.org/wiki/%E9%87%8E%E9%96%93%E5%81%A5,https://x.com/iT2id4lCBHRq1l5,,,
P327,野村 美穂,国民民主党,比例・東海,現職,https://ja.wikipedia.org/wiki/野村美穂,,,,
P328,萩生田 光一,自民党,東京24,現職,https://ja.wikipedia.org/wiki/%E8%90%A9%E7%94%9F%E7%94%B0%E5%85%89%E4%B8%80,https://x.com/hagiuda_ko1,,,
P329,萩原 佳,日本維新の会,大阪9,現職,https://ja.wikipedia.org/wiki/萩原佳,,,,
P330,橋本 岳,自民党,岡山4,現職,https://ja.wikipedia.org/wiki/%E6%A9%8B%E6%9C%AC%E5%B2%B3,https://x.com/ga9_h,,,
P331,橋本 幹彦,国民民主党,比例・北関東,現職,https://ja.wikipedia.org/wiki/橋本幹彦,,,,
P332,長谷川 淳二,自民党,愛媛3,現職,https://ja.wikipedia.org/wiki/%E9%95%B7%E8%B0%B7%E5%B7%9D%E6%B7%B3%E4%BA%8C,https://x.com/HasegawaJunji,,,
P333,畑野 君枝,日本共産党,比例・南関東,現職,https://ja.wikipedia.org/wiki/畑野君枝,,,,
P334,鳩山 二郎,自民党,福岡6,現職,https://ja.wikipedia.org/wiki/鳩山二郎,,,,
P335,葉梨 康弘,自民党,茨城3,現職,https://ja.wikipedia.org/wiki/葉梨康弘,,,,
P336,馬場 伸幸,日本維新の会,大阪17,現職,https://ja.wikipedia.org/wiki/馬場伸幸,https://x.com/baba_ishin,,,
P337,浜田 靖一,自民党,千葉12,現職,https://ja.wikipedia.org/wiki/浜田靖一,,,,
P338,浜地 雅一,中道改革連合,比例・九州,現職,https://ja.wikipedia.org/wiki/浜地雅一,,,,
P339,林 拓海,チームみらい,比例・東北,現職,https://ja.wikipedia.org/wiki/林拓海,,,,
P340,林 芳正,自民党,山口3,現職,https://ja.wikipedia.org/wiki/林芳正,https://x.com/hayashi0024,,,
P341,原田 直樹,中道改革連合,比例・南関東,現職,https://ja.wikipedia.org/wiki/原田直樹,,,,
P342,原山 大亮,日本維新の会,比例・近畿,現職,https://ja.wikipedia.org/wiki/原山大亮,,,,
P343,東田 淳平,自民党,比例・近畿,現職,https://ja.wikipedia.org/wiki/東田淳平,,,,
P344,日野 紗里亜,国民民主党,愛知7,現職,https://ja.wikipedia.org/wiki/日野紗里亜,,,,
P345,平井 卓也,自民党,比例・四国,現職,https://ja.wikipedia.org/wiki/平井卓也,,,,
P346,平口 洋,自民党,広島2,現職,https://ja.wikipedia.org/wiki/平口洋,,,,
P347,平沢 勝栄,自民党,東京17,現職,https://ja.wikipedia.org/wiki/平沢勝栄,,,,
P348,平沼 正二郎,自民党,比例・中国,現職,https://ja.wikipedia.org/wiki/平沼正二郎,,,,
P349,平林 晃,中道改革連合,比例・中国,現職,https://ja.wikipedia.org/wiki/平林晃,,,,
P350,広瀬 建,自民党,大分2,現職,https://ja.wikipedia.org/wiki/広瀬建,,,,
P351,深作 ヘスス,国民民主党,比例・南関東,現職,https://ja.wikipedia.org/wiki/深作ヘスス,,,,
P352,深澤 陽一,自民党,静岡4,現職,https://ja.wikipedia.org/wiki/深澤陽一,,,,
P353,福重 隆浩,中道改革連合,比例・北関東,現職,https://ja.wikipedia.org/wiki/福重隆浩,,,,
P354,福田 徹,国民民主党,比例・東海,現職,https://ja.wikipedia.org/wiki/福田徹,,,,
P355,福田 かおる,自民党,東京18,現職,https://ja.wikipedia.org/wiki/福田かおる,,,,
P356,福田 達夫,自民党,群馬4,現職,https://ja.wikipedia.org/wiki/福田達夫,,,,
P357,福原 淳嗣,自民党,秋田2,現職,https://ja.wikipedia.org/wiki/福原淳嗣,,,,
P358,藤井 比早之,自民党,兵庫4,現職,https://ja.wikipedia.org/wiki/藤井比早之,,,,
P359,藤沢 忠盛,自民党,比例・東海,現職,https://ja.wikipedia.org/wiki/藤沢忠盛,,,,
P360,藤田 ひかる,自民党,長野2,現職,https://ja.wikipedia.org/wiki/藤田ひかる,,,,
P361,藤田 文武,日本維新の会,大阪12,現職,https://ja.wikipedia.org/wiki/藤田文武,https://x.com/fujita_fumitake,,,
P362,藤田 誠,自民党,埼玉14,現職,https://ja.wikipedia.org/wiki/藤田誠,,,,
P363,藤田 洋司,自民党,比例・近畿,現職,https://ja.wikipedia.org/wiki/藤田洋司,,,,
P364,藤丸 敏,自民党,福岡7,現職,https://ja.wikipedia.org/wiki/藤丸敏,,,,
P365,藤原 崇,自民党,岩手3,現職,https://ja.wikipedia.org/wiki/藤原崇,,,,
P366,文月 涼,自民党,比例・南関東,現職,https://ja.wikipedia.org/wiki/文月涼,,,,
P367,船田 元,自民党,栃木1,現職,https://ja.wikipedia.org/wiki/船田元,,,,
P368,古井 康介,自民党,比例・北陸信越,現職,https://ja.wikipedia.org/wiki/古井康介,,,,
P369,古川 あおい,チームみらい,比例・九州,現職,https://ja.wikipedia.org/wiki/古川あおい,,,,
P370,古川 直季,自民党,神奈川6,現職,https://ja.wikipedia.org/wiki/古川直季,,,,
P371,古川 元久,国民民主党,愛知2,現職,https://ja.wikipedia.org/wiki/古川元久,,,,
P372,古川 康,自民党,佐賀2,現職,https://ja.wikipedia.org/wiki/古川康,,,,
P373,古川 禎久,自民党,宮崎3,現職,https://ja.wikipedia.org/wiki/古川禎久,,,,
P374,古屋 圭司,自民党,岐阜5,現職,https://ja.wikipedia.org/wiki/古屋圭司,,,,
P375,穂坂 泰,自民党,埼玉4,現職,https://ja.wikipedia.org/wiki/穂坂泰,,,,
P376,星野 剛士,自民党,神奈川12,現職,https://ja.wikipedia.org/wiki/星野剛士,,,,
P377,細田 健一,自民党,比例・東海,現職,https://ja.wikipedia.org/wiki/細田健一,,,,
P378,細野 豪志,自民党,静岡5,現職,https://ja.wikipedia.org/wiki/%E7%B4%B0%E9%87%8E%E8%B1%AA%E5%BF%97,https://x.com/hosono_54,,,
P379,堀内 詔子,自民党,山梨2,現職,https://ja.wikipedia.org/wiki/%E5%A0%80%E5%86%85%E8%A9%94%E5%AD%90,https://x.com/genkihoriuchi,,,
P380,本田 太郎,自民党,京都5,現職,https://ja.wikipedia.org/wiki/%E6%9C%AC%E7%94%B0%E5%A4%AA%E9%83%8E,https://x.com/kyoto_honda,,,
P381,前川 恵,自民党,比例・北関東,現職,https://ja.wikipedia.org/wiki/前川恵,,,,
P382,前原 誠司,日本維新の会,京都2,現職,https://ja.wikipedia.org/wiki/%E5%89%8D%E5%8E%9F%E8%AA%A0%E5%8F%B8,https://x.com/maehara2016,,,
P383,牧島 かれん,自民党,神奈川17,現職,https://ja.wikipedia.org/wiki/%E7%89%A7%E5%B3%B6%E3%81%8B%E3%82%8C%E3%82%93,https://x.com/makishimakaren,,,
P384,牧野 俊一,参政党,比例・九州,現職,https://ja.wikipedia.org/wiki/牧野俊一,,,,
P385,松下 英樹,自民党,北海道9,現職,https://ja.wikipedia.org/wiki/松下英樹,,,,
P386,松島 みどり,自民党,東京14,現職,https://ja.wikipedia.org/wiki/松島みどり,,,,
P387,松野 博一,自民党,千葉3,現職,https://ja.wikipedia.org/wiki/松野博一,,,,
P388,松本 泉,自民党,千葉8,現職,https://ja.wikipedia.org/wiki/松本泉,,,,
P389,松本 尚,自民党,千葉13,現職,https://ja.wikipedia.org/wiki/松本尚,,,,
P390,松本 洋平,自民党,東京19,現職,https://ja.wikipedia.org/wiki/松本洋平,,,,
P391,丸尾 なつ子,自民党,神奈川1,現職,https://ja.wikipedia.org/wiki/丸尾なつ子,,,,
P392,丸川 珠代,自民党,東京7,現職,https://ja.wikipedia.org/wiki/丸川珠代,,,,
P393,丸田 康一郎,自民党,神奈川13,現職,https://ja.wikipedia.org/wiki/丸田康一郎,,,,
P394,三木 圭恵,日本維新の会,比例・近畿,現職,https://ja.wikipedia.org/wiki/三木圭恵,,,,
P395,水野よしひこ,自民党,愛知3,現職,https://ja.wikipedia.org/wiki/水野よしひこ,,,,
P396,三反園 訓,自民党,鹿児島2,現職,https://ja.wikipedia.org/wiki/三反園訓,,,,
P397,三谷 英弘,自民党,神奈川8,現職,https://ja.wikipedia.org/wiki/三谷英弘,,,,
P398,三ッ林 裕巳,自民党,埼玉13,現職,https://ja.wikipedia.org/wiki/三ッ林裕巳,,,,
P399,峰島 侑也,チームみらい,比例・東京,現職,https://ja.wikipedia.org/wiki/峰島侑也,,,,
P400,美延 映夫,日本維新の会,大阪4,現職,https://ja.wikipedia.org/wiki/美延映夫,,,,
P401,御法川 信英,自民党,比例・東北,現職,https://ja.wikipedia.org/wiki/御法川信英,,,,
P402,三原 朝利,自民党,比例・九州,現職,https://ja.wikipedia.org/wiki/三原朝利,,,,
P403,宮内 秀樹,自民党,福岡4,現職,https://ja.wikipedia.org/wiki/宮内秀樹,,,,
P404,宮崎 政久,自民党,沖縄2,現職,https://ja.wikipedia.org/wiki/宮崎政久,,,,
P405,宮路 拓馬,自民党,鹿児島1,現職,https://ja.wikipedia.org/wiki/宮路拓馬,,,,
P406,宮下 一郎,自民党,長野5,現職,https://ja.wikipedia.org/wiki/宮下一郎,,,,
P407,向山 淳,自民党,北海道8,現職,https://ja.wikipedia.org/wiki/向山淳,,,,
P408,向山 好一,国民民主党,比例・近畿,現職,https://ja.wikipedia.org/wiki/向山好一,,,,
P409,武藤 かず子,チームみらい,比例・北関東,現職,https://ja.wikipedia.org/wiki/武藤かず子,,,,
P410,武藤 容治,自民党,岐阜3,現職,https://ja.wikipedia.org/wiki/武藤容治,,,,
P411,宗清 皇一,自民党,比例・近畿,現職,https://ja.wikipedia.org/wiki/宗清皇一,,,,
P412,村井 英樹,自民党,埼玉1,現職,https://ja.wikipedia.org/wiki/村井英樹,,,,
P413,村岡 敏英,国民民主党,秋田3,現職,https://ja.wikipedia.org/wiki/村岡敏英,,,,
P414,村上 誠一郎,自民党,比例・四国,現職,https://ja.wikipedia.org/wiki/村上誠一郎,,,,
P415,村上 智信,日本維新の会,比例・九州,現職,https://ja.wikipedia.org/wiki/村上智信,,,,
P416,村木 汀,自民党,比例・北海道,現職,https://ja.wikipedia.org/wiki/村木汀,,,,
P417,茂木 敏充,自民党,栃木5,現職,https://ja.wikipedia.org/wiki/茂木敏充,,,,
P418,森 英介,無所属,千葉11,現職,https://ja.wikipedia.org/wiki/森英介,,,,
P419,森 ようすけ,国民民主党,比例・東京,現職,https://ja.wikipedia.org/wiki/森ようすけ,,,,
P420,森下 千里,自民党,宮城4,現職,https://ja.wikipedia.org/wiki/森下千里,,,,
P421,森原 紀代子,自民党,比例・東京,現職,https://ja.wikipedia.org/wiki/森原紀代子,,,,
P422,森山 裕,自民党,鹿児島4,現職,https://ja.wikipedia.org/wiki/森山裕,,,,
P423,盛山 正仁,自民党,兵庫1,現職,https://ja.wikipedia.org/wiki/盛山正仁,,,,
P424,保岡 宏武,自民党,比例・九州,現職,https://ja.wikipedia.org/wiki/保岡宏武,,,,
P425,簗 和生,自民党,比例・北関東,現職,https://ja.wikipedia.org/wiki/簗和生,,,,
P426,山岡 達丸,中道改革連合,比例・北海道,現職,https://ja.wikipedia.org/wiki/山岡達丸,,,,
P427,山際 大志郎,自民党,神奈川18,現職,https://ja.wikipedia.org/wiki/山際大志郎,,,,
P428,山口 俊一,自民党,徳島2,現職,https://ja.wikipedia.org/wiki/山口俊一,,,,
P429,山口 晋,自民党,埼玉10,現職,https://ja.wikipedia.org/wiki/山口晋,,,,
P430,山口 壯,自民党,兵庫12,現職,https://ja.wikipedia.org/wiki/山口壯,,,,
P431,山崎 正恭,中道改革連合,比例・四国,現職,https://ja.wikipedia.org/wiki/山崎正恭,,,,
P432,山下 史守朗,自民党,愛知16,現職,https://ja.wikipedia.org/wiki/山下史守朗,,,,
P433,山下 貴司,自民党,岡山2,現職,https://ja.wikipedia.org/wiki/山下貴司,,,,
P434,山田 瑛理,チームみらい,比例・南関東,現職,https://ja.wikipedia.org/wiki/山田瑛理,,,,
P435,山田 賢司,自民党,兵庫7,現職,https://ja.wikipedia.org/wiki/山田賢司,,,,
P436,山田 美樹,自民党,東京1,現職,https://ja.wikipedia.org/wiki/山田美樹,,,,
P437,山田 基靖,自民党,兵庫11,現職,https://ja.wikipedia.org/wiki/山田基靖,,,,
P438,山本 香苗,中道改革連合,比例・近畿,現職,https://ja.wikipedia.org/wiki/山本香苗,,,,
P439,山本 左近,自民党,比例・東海,現職,https://ja.wikipedia.org/wiki/山本左近,,,,
P440,山本ジョージ,無所属,比例・南関東,現職,https://ja.wikipedia.org/wiki/山本ジョージ,,,,
P441,山本 深,自民党,広島5,現職,https://ja.wikipedia.org/wiki/山本深,,,,
P442,山本 大地,自民党,和歌山1,現職,https://ja.wikipedia.org/wiki/山本大地,,,,
P443,山本 裕三,自民党,静岡3,現職,https://ja.wikipedia.org/wiki/山本裕三,,,,
P444,横田 光弘,日本維新の会,比例・南関東,現職,https://ja.wikipedia.org/wiki/横田光弘,,,,
P445,吉川 里奈,参政党,比例・東京,現職,https://ja.wikipedia.org/wiki/%E7%9F%A5%E5%BF%B5%E9%87%8C%E5%A5%88,https://x.com/rina_chinen_,,,
P446,吉田 真次,自民党,比例・中国,現職,https://ja.wikipedia.org/wiki/%E5%90%89%E7%94%B0%E7%BE%8A,https://x.com/26740,,,
P447,吉田 宣弘,中道改革連合,比例・九州,現職,https://ja.wikipedia.org/wiki/吉田宣弘,,,,
P448,吉田 有理,自民党,比例・北海道,現職,https://ja.wikipedia.org/wiki/吉田有理,,,,
P449,吉村 悠,自民党,福岡10,現職,https://ja.wikipedia.org/wiki/吉村悠,,,,
P450,米内 紘正,自民党,比例・東北,現職,https://ja.wikipedia.org/wiki/米内紘正,,,,
P451,笠 浩史,中道改革連合,比例・南関東,現職,https://ja.wikipedia.org/wiki/笠浩史,,,,
P452,若狹 清史,日本維新の会,比例・北陸信越,現職,https://ja.wikipedia.org/wiki/若狹清史,,,,
P453,若林 健太,自民党,長野1,現職,https://ja.wikipedia.org/wiki/若林健太,,,,
P454,若宮 健嗣,自民党,東京5,現職,https://ja.wikipedia.org/wiki/若宮健嗣,,,,
P455,若山 慎司,自民党,愛知10,現職,https://ja.wikipedia.org/wiki/若山慎司,,,,
P456,鷲尾 英一郎,自民党,新潟4,現職,https://ja.wikipedia.org/wiki/鷲尾英一郎,,,,
P457,早稲田 ゆき,中道改革連合,比例・南関東,現職,https://ja.wikipedia.org/wiki/早稲田ゆき,,,,
P458,和田 政宗,参政党,比例・東北,現職,https://ja.wikipedia.org/wiki/和田政宗,,,,
P459,和田 義明,自民党,北海道5,現職,https://ja.wikipedia.org/wiki/和田義明,,,,
P460,渡辺 藍理,参政党,比例・東海,現職,https://ja.wikipedia.org/wiki/渡辺藍理,,,,
P461,渡辺 勝幸,自民党,宮城2,現職,https://ja.wikipedia.org/wiki/渡辺勝幸,,,,
P462,渡辺 孝一,自民党,比例・北海道,現職,https://ja.wikipedia.org/wiki/渡辺孝一,,,,
P463,渡辺 真太朗,無所属,栃木3,現職,https://ja.wikipedia.org/wiki/渡辺真太朗,,,,
P464,渡辺 創,中道改革連合,宮崎1,現職,https://ja.wikipedia.org/wiki/渡辺創,,,,
P465,渡辺 博道,自民党,千葉6,現職,https://ja.wikipedia.org/wiki/渡辺博道,,,,
P466,青木 愛,立憲民主党,比例,現職,https://ja.wikipedia.org/wiki/青木愛,,,,
P467,青木 一彦,自民党,鳥取・島根,現職,https://ja.wikipedia.org/wiki/青木一彦,,,,
P468,青島 健太,日本維新の会,比例,現職,https://ja.wikipedia.org/wiki/青島健太,,,,
P469,赤松 健,自民党,比例,現職,https://ja.wikipedia.org/wiki/赤松健,https://x.com/KenAkamatsu,,,
P470,秋野 公造,公明党,福岡,現職,https://ja.wikipedia.org/wiki/秋野公造,,,,
P471,浅尾 慶一郎,自民党,神奈川,現職,https://ja.wikipedia.org/wiki/浅尾慶一郎,,,,
P472,浅田 均,日本維新の会,大阪,現職,https://ja.wikipedia.org/wiki/浅田均,,,,
P473,朝日 健太郎,自民党,東京,現職,https://ja.wikipedia.org/wiki/朝日健太郎,https://x.com/asahi_kentarou,,,
P474,阿達 雅志,自民党,比例,現職,https://ja.wikipedia.org/wiki/阿達雅志,,,,
P475,足立 康史,国民民主党,比例,現職,https://ja.wikipedia.org/wiki/足立康史,,,,
P476,安達 悠司,参政党,比例,現職,https://ja.wikipedia.org/wiki/安達悠司,,,,
P477,有村 治子,自民党,比例,現職,https://ja.wikipedia.org/wiki/有村治子,,,,
P478,安藤 裕,参政党,比例,現職,https://ja.wikipedia.org/wiki/安藤裕,,,,
P479,安野 貴博,チームみらい,比例,現職,https://ja.wikipedia.org/wiki/安野貴博,,,,
P480,生稲 晃子,自民党,東京,現職,https://ja.wikipedia.org/wiki/%E7%94%9F%E7%A8%B2%E6%99%83%E5%AD%90,https://x.com/ikuinaakiko1917,,,
P481,[佐山 晃子],無所属,,現職,,,,,
P482,石井 準一,自民党,千葉,現職,https://ja.wikipedia.org/wiki/%E7%9F%B3%E4%BA%95%E6%BA%96%E4%B8%80,https://x.com/Junichi141,,,
P483,石井 浩郎,自民党,秋田,現職,https://ja.wikipedia.org/wiki/%E7%9F%B3%E4%BA%95%E6%B5%A9%E9%83%8E,https://x.com/hirooishii6,,,
P484,石井 苗子,日本維新の会,比例,現職,https://ja.wikipedia.org/wiki/%E7%9F%B3%E4%BA%95%E8%8B%97%E5%AD%90,https://x.com/ishii_ishin,,,
P485,石井 めぐみ,日本維新の会,比例,現職,https://ja.wikipedia.org/wiki/石井めぐみ,,,,
P486,[根本 めぐみ],無所属,,現職,,,,,
P487,石垣 のりこ,立憲民主党,宮城,現職,https://ja.wikipedia.org/wiki/%E7%9F%B3%E5%9E%A3%E3%81%AE%E3%82%8A%E3%81%93,https://x.com/norinotes,,,
P488,[小川 のり子],無所属,,現職,,,,,
P489,石川 博崇,公明党,大阪,現職,https://ja.wikipedia.org/wiki/石川博崇,,,,
P490,石田 昌宏,自民党,比例,現職,https://ja.wikipedia.org/wiki/石田昌宏,,,,
P491,石橋 通宏,立憲民主党,比例,現職,https://ja.wikipedia.org/wiki/石橋通宏,,,,
P492,泉 房穂,立憲民主党,兵庫,現職,https://ja.wikipedia.org/wiki/泉房穂,,,,
P493,伊勢崎 賢治,れいわ新選組,比例,現職,https://ja.wikipedia.org/wiki/伊勢崎賢治,https://x.com/isezakikenji,,,
P494,礒崎 哲史,国民民主党,比例,現職,https://ja.wikipedia.org/wiki/礒崎哲史,,,,
P495,磯崎 仁彦,自民党,香川,現職,https://ja.wikipedia.org/wiki/磯崎仁彦,,,,
P496,伊藤 孝江,公明党,兵庫,現職,https://ja.wikipedia.org/wiki/伊藤孝江,,,,
P497,伊藤 孝恵,国民民主党,愛知,現職,https://ja.wikipedia.org/wiki/伊藤孝恵,,,,
P498,伊藤 辰夫,国民民主党,比例,現職,https://ja.wikipedia.org/wiki/伊藤辰夫,,,,
P499,井上 義行,自民党,比例,現職,https://ja.wikipedia.org/wiki/井上義行,,,,
P500,猪口 邦子,自民党,千葉,現職,https://ja.wikipedia.org/wiki/猪口邦子,,,,
P501,猪瀬 直樹,日本維新の会,比例,現職,https://ja.wikipedia.org/wiki/猪瀬直樹,https://x.com/inosenaoki,,,
P502,伊波 洋一,沖縄社会大衆党,沖縄,現職,https://ja.wikipedia.org/wiki/伊波洋一,,,,
P503,今井 絵理子,自民党,比例,現職,https://ja.wikipedia.org/wiki/今井絵理子,https://x.com/Eriko_imai,,,
P504,岩渕 友,日本共産党,比例,現職,https://ja.wikipedia.org/wiki/岩渕友,,,,
P505,岩本 剛人,自民党,北海道,現職,https://ja.wikipedia.org/wiki/岩本剛人,,,,
P506,岩本 麻奈,参政党,比例,現職,https://ja.wikipedia.org/wiki/岩本麻奈,,,,
P507,[富田 麻奈],無所属,,現職,,,,,
P508,いんどう 周作,自民党,比例,現職,https://ja.wikipedia.org/wiki/いんどう周作,,,,
P509,[犬童 周作],無所属,,現職,,,,,
P510,上田 勇,公明党,比例,現職,https://ja.wikipedia.org/wiki/上田勇,,,,
P511,上田 清司,国民民主党,埼玉,現職,https://ja.wikipedia.org/wiki/上田清司,,,,
P512,上野 ほたる,日本維新の会,比例,現職,https://ja.wikipedia.org/wiki/上野ほたる,,,,
P513,[上野 蛍],無所属,,現職,,,,,
P514,上野 通子,自民党,栃木,現職,https://ja.wikipedia.org/wiki/上野通子,,,,
P515,牛田 茉友,国民民主党,東京,現職,https://ja.wikipedia.org/wiki/牛田茉友,,,,
P516,[高橋 茉友],無所属,,現職,,,,,
P517,臼井 正一,自民党,千葉,現職,https://ja.wikipedia.org/wiki/臼井正一,,,,
P518,打越 さく良,立憲民主党,新潟,現職,https://ja.wikipedia.org/wiki/打越さく良,,,,
P519,[村木 さく良],無所属,,現職,,,,,
P520,梅村 みずほ,参政党,比例,現職,https://ja.wikipedia.org/wiki/梅村みずほ,,,,
P521,江島 潔,自民党,山口,現職,https://ja.wikipedia.org/wiki/江島潔,,,,
P522,江原 くみ子,国民民主党,埼玉,現職,https://ja.wikipedia.org/wiki/江原くみ子,,,,
P523,[江原 久美子],無所属,,現職,,,,,
P524,大家 敏志,自民党,福岡,現職,https://ja.wikipedia.org/wiki/大家敏志,,,,
P525,大島 九州男,れいわ新選組,比例,現職,https://ja.wikipedia.org/wiki/大島九州男,,,,
P526,大津 力,参政党,埼玉,現職,https://ja.wikipedia.org/wiki/大津力,,,,
P527,岡崎 太,日本維新の会,大阪,現職,https://ja.wikipedia.org/wiki/岡崎太,,,,
P528,岡田 直樹,自民党,石川,現職,https://ja.wikipedia.org/wiki/岡田直樹,,,,
P529,小川 克巳,自民党,比例,現職,https://ja.wikipedia.org/wiki/小川克巳,,,,
P530,奥田 ふみよ,れいわ新選組,比例,現職,https://ja.wikipedia.org/wiki/奥田ふみよ,,,,
P531,[遠藤 芙美代],無所属,,現職,,,,,
P532,奥村 祥大,国民民主党,東京,現職,https://ja.wikipedia.org/wiki/奥村祥大,,,,
P533,小沢 雅仁,立憲民主党,比例,現職,https://ja.wikipedia.org/wiki/小沢雅仁,,,,
P534,越智 俊之,自民党,比例,現職,https://ja.wikipedia.org/wiki/越智俊之,,,,
P535,尾辻 朋実,チームみらい,鹿児島,現職,https://ja.wikipedia.org/wiki/尾辻朋実,,,,
P536,[末原 朋実],無所属,,現職,,,,,
P537,鬼木 誠,立憲民主党,比例,現職,https://ja.wikipedia.org/wiki/鬼木誠,,,,
P538,小野田 紀美,自民党,岡山,現職,https://ja.wikipedia.org/wiki/小野田紀美,https://x.com/onoda_kimi,,,
P539,かごしま 彰宏,国民民主党,神奈川,現職,https://ja.wikipedia.org/wiki/かごしま彰宏,,,,
P540,[籠島 彰宏],無所属,,現職,,,,,
P541,梶原 大介,自民党,比例,現職,https://ja.wikipedia.org/wiki/梶原大介,,,,
P542,加田 裕之,自民党,兵庫,現職,https://ja.wikipedia.org/wiki/加田裕之,,,,
P543,嘉田 由紀子,日本維新の会,比例,現職,https://ja.wikipedia.org/wiki/嘉田由紀子,,,,
P544,片山 さつき,自民党,比例,現職,https://ja.wikipedia.org/wiki/片山さつき,https://x.com/katayama_s,,,
P545,片山 大介,日本維新の会,兵庫,現職,https://ja.wikipedia.org/wiki/片山大介,,,,
P546,勝部 賢志,立憲民主党,北海道,現職,https://ja.wikipedia.org/wiki/勝部賢志,,,,
P547,加藤 明良,自民党,茨城,現職,https://ja.wikipedia.org/wiki/加藤明良,,,,
P548,金子 道仁,日本維新の会,比例,現職,https://ja.wikipedia.org/wiki/金子道仁,,,,
P549,かまやち 敏,自民党,比例,現職,https://ja.wikipedia.org/wiki/かまやち敏,,,,
P550,[釜萢 敏],無所属,,現職,https://ja.wikipedia.org/wiki/[釜萢敏],,,,
P551,神谷 宗幣,参政党,比例,現職,https://ja.wikipedia.org/wiki/神谷宗幣,https://x.com/jamiya_sohei,,,
P552,神谷 政幸,自民党,比例,現職,https://ja.wikipedia.org/wiki/神谷政幸,,,,
P553,川合 孝典,国民民主党,比例,現職,https://ja.wikipedia.org/wiki/川合孝典,,,,
P554,川村 雄大,公明党,東京,現職,https://ja.wikipedia.org/wiki/川村雄大,,,,
P555,岸 真紀子,立憲民主党,比例,現職,https://ja.wikipedia.org/wiki/岸真紀子,,,,
P556,北村 経夫,自民党,山口,現職,https://ja.wikipedia.org/wiki/%E5%8C%97%E6%9D%91%E7%B5%8C%E5%A4%AB,https://x.com/kitamuraoffice,,,
P557,北村 晴男,日本保守党,比例,現職,https://ja.wikipedia.org/wiki/%E5%8C%97%E6%9D%91%E6%99%B4%E7%94%B7,https://x.com/kitamuratube,,,
P558,木戸口 英司,立憲民主党,岩手,現職,https://ja.wikipedia.org/wiki/%E6%9C%A8%E6%88%B8%E5%8F%A3%E8%8B%B1%E5%8F%B8,https://x.com/ekidoguchi,,,
P559,木村 英子,れいわ新選組,比例,現職,https://ja.wikipedia.org/wiki/%E6%9C%A8%E6%9D%91%E8%8B%B1%E5%AD%90,https://x.com/reiwashinsen,,,
P560,木村 義雄,自民党,比例,現職,https://ja.wikipedia.org/wiki/木村義雄,,,,
P561,吉良 よし子,日本共産党,東京,現職,https://ja.wikipedia.org/wiki/吉良佳子,https://x.com/kirayoshiko,,,
P562,[吉良 佳子],無所属,,現職,https://ja.wikipedia.org/wiki/[吉良佳子],,,,
P563,串田 誠一,日本維新の会,比例,現職,https://ja.wikipedia.org/wiki/串田誠一,,,,
P564,窪田 哲也,公明党,比例,現職,https://ja.wikipedia.org/wiki/窪田哲也,,,,
P565,熊谷 裕人,立憲民主党,埼玉,現職,https://ja.wikipedia.org/wiki/熊谷裕人,,,,
P566,見坂 茂範,自民党,比例,現職,https://ja.wikipedia.org/wiki/見坂茂範,,,,
P567,小池 晃,日本共産党,比例,現職,https://ja.wikipedia.org/wiki/小池晃,https://x.com/koike_akira,,,
P568,上月 良祐,自民党,茨城,現職,https://ja.wikipedia.org/wiki/上月良祐,,,,
P569,郡山 りょう,立憲民主党,比例,現職,https://ja.wikipedia.org/wiki/郡山りょう,,,,
P570,[郡山 玲],無所属,,現職,,,,,
P571,古賀 千景,立憲民主党,比例,現職,https://ja.wikipedia.org/wiki/古賀千景,,,,
P572,古賀 友一郎,自民党,長崎,現職,https://ja.wikipedia.org/wiki/古賀友一郎,,,,
P573,古賀 之士,立憲民主党,福岡,現職,https://ja.wikipedia.org/wiki/古賀之士,,,,
P574,小島 とも子,立憲民主党,三重,現職,https://ja.wikipedia.org/wiki/小島とも子,,,,
P575,[小島 智子],無所属,,現職,,,,,
P576,古庄 玄知,自民党,大分,現職,https://ja.wikipedia.org/wiki/古庄玄知,,,,
P577,後藤 翔太,参政党,比例,現職,https://ja.wikipedia.org/wiki/後藤翔太,,,,
P578,後藤 斎,国民民主党,山梨,現職,https://ja.wikipedia.org/wiki/後藤斎,,,,
P579,小西 洋之,立憲民主党,千葉,現職,https://ja.wikipedia.org/wiki/小西洋之,,,,
P580,小林 一大,自民党,新潟,現職,https://ja.wikipedia.org/wiki/小林一大,,,,
P581,小林 孝一郎,自民党,岡山,現職,https://ja.wikipedia.org/wiki/小林孝一郎,,,,
P582,小林 さやか,国民民主党,千葉,現職,https://ja.wikipedia.org/wiki/小林さやか,,,,
P583,[中山 さやか],無所属,,現職,,,,,
P584,こやり 隆史,自民党,滋賀,現職,https://ja.wikipedia.org/wiki/こやり隆史,,,,
P585,[小鑓 隆史],無所属,,現職,https://ja.wikipedia.org/wiki/%E5%B0%8F%E9%91%93%E9%9A%86%E5%8F%B2,https://x.com/koyari_shiga,,,
P586,齊藤 健一郎,無所属,比例,現職,https://ja.wikipedia.org/wiki/%E9%BD%8A%E8%97%A4%E5%81%A5%E4%B8%80%E9%83%8E,https://x.com/aqua_saito,,,
P587,斎藤 嘉隆,立憲民主党,愛知,現職,https://ja.wikipedia.org/wiki/%E6%96%8E%E8%97%A4%E5%98%89%E9%9A%86,https://x.com/saito_yoshitaka,,,
P588,酒井 庸行,自民党,愛知,現職,https://ja.wikipedia.org/wiki/%E9%85%92%E4%BA%95%E5%BA%B8%E8%A1%8C,https://x.com/yasuyukisakai,,,
P589,櫻井 祥子,参政党,茨城,現職,https://ja.wikipedia.org/wiki/櫻井祥子,,,,
P590,櫻井 充,自民党,宮城,現職,https://ja.wikipedia.org/wiki/%E6%A1%9C%E4%BA%95%E5%85%85,https://x.com/akibakenya,,,
P591,佐々木 雅文,公明党,比例,現職,https://ja.wikipedia.org/wiki/佐々木雅文,,,,
P592,佐々木 りえ,日本維新の会,大阪,現職,https://ja.wikipedia.org/wiki/佐々木りえ,,,,
P593,[中野 理江],無所属,,現職,,,,,
P594,佐藤 啓,自民党,奈良,現職,https://ja.wikipedia.org/wiki/佐藤啓,,,,
P595,里見 隆治,公明党,愛知,現職,https://ja.wikipedia.org/wiki/里見隆治,,,,
P596,塩入 清香,参政党,東京,現職,https://ja.wikipedia.org/wiki/塩入清香,,,,
P597,塩村 あやか,立憲民主党,東京,現職,https://ja.wikipedia.org/wiki/塩村文夏,https://x.com/shiomura,,,
P598,[塩村 文夏],無所属,,現職,,,,,
P599,柴 愼一,立憲民主党,比例,現職,https://ja.wikipedia.org/wiki/柴愼一,,,,
P600,柴田 巧,日本維新の会,比例,現職,https://ja.wikipedia.org/wiki/柴田巧,,,,
P601,自見 はなこ,自民党,比例,現職,https://ja.wikipedia.org/wiki/自見はなこ,,,,
P602,[橋本 英子],無所属,,現職,,,,,
P603,清水 真人,自民党,群馬,現職,https://ja.wikipedia.org/wiki/清水真人,,,,
P604,下野 六太,公明党,福岡,現職,https://ja.wikipedia.org/wiki/下野六太,,,,
P605,白川 容子,日本共産党,比例,現職,https://ja.wikipedia.org/wiki/白川容子,,,,
P606,進藤 金日子,自民党,比例,現職,https://ja.wikipedia.org/wiki/進藤金日子,,,,
P607,榛葉 賀津也,国民民主党,静岡,現職,https://ja.wikipedia.org/wiki/榛葉賀津也,https://x.com/shimbakatsuya,,,
P608,末松 信介,自民党,兵庫,現職,https://ja.wikipedia.org/wiki/末松信介,,,,
P609,杉 久武,公明党,大阪,現職,https://ja.wikipedia.org/wiki/杉久武,,,,
P610,杉尾 秀哉,立憲民主党,長野,現職,https://ja.wikipedia.org/wiki/杉尾秀哉,,,,
P611,杉本 純子,参政党,愛知,現職,https://ja.wikipedia.org/wiki/杉本純子,,,,
P612,鈴木 大地,自民党,東京,現職,https://ja.wikipedia.org/wiki/%E9%88%B4%E6%9C%A8%E5%A4%A7%E5%9C%B0,https://x.com/daichi55,,,
P613,鈴木 宗男,自民党,比例,現職,https://ja.wikipedia.org/wiki/%E9%88%B4%E6%9C%A8%E5%AE%97%E7%94%B7,https://x.com/KorsunskySergiy,,,
P614,石 平,日本維新の会,比例,現職,https://ja.wikipedia.org/wiki/石平,,,,
P615,関口 昌一,無所属,埼玉,現職,https://ja.wikipedia.org/wiki/%E9%96%A2%E5%8F%A3%E6%98%8C%E4%B8%80,https://x.com/sekiguchi0229,,,
P616,大門 実紀史,日本共産党,比例,現職,https://ja.wikipedia.org/wiki/%E5%A4%A7%E9%96%80%E5%AE%9F%E7%B4%80%E5%8F%B2,https://x.com/mikishidaimon,,,
P617,高木 かおり,日本維新の会,大阪,現職,https://ja.wikipedia.org/wiki/%E9%AB%98%E6%9C%A8%E4%BD%B3%E4%BF%9D%E9%87%8C,https://x.com/takagikouhou,,,
P618,[高木 佳保里],無所属,,現職,,,,,
P619,高木 真理,立憲民主党,埼玉,現職,https://ja.wikipedia.org/wiki/%E9%AB%98%E6%9C%A8%E7%9C%9F%E7%90%86,https://x.com/TakagiMari,,,
P620,高橋 克法,自民党,栃木,現職,https://ja.wikipedia.org/wiki/高橋克法,,,,
P621,高橋 はるみ,自民党,北海道,現職,https://ja.wikipedia.org/wiki/高橋はるみ,,,,
P622,高橋 光男,公明党,兵庫,現職,https://ja.wikipedia.org/wiki/高橋光男,,,,
P623,高良 沙哉,沖縄社会大衆党,沖縄,現職,https://ja.wikipedia.org/wiki/高良沙哉,,,,
P624,[坂本 沙哉],無所属,,現職,,,,,
P625,滝波 宏文,自民党,福井,現職,https://ja.wikipedia.org/wiki/滝波宏文,,,,
P626,竹内 真二,公明党,比例,現職,https://ja.wikipedia.org/wiki/竹内真二,,,,
P627,竹詰 仁,国民民主党,比例,現職,https://ja.wikipedia.org/wiki/竹詰仁,,,,
P628,竹谷 とし子,公明党,東京,現職,https://ja.wikipedia.org/wiki/竹谷とし子,,,,
P629,[菊地 とし子],無所属,,現職,,,,,
P630,田島 麻衣子,立憲民主党,愛知,現職,https://ja.wikipedia.org/wiki/田島麻衣子,,,,
P631,田名部 匡代,立憲民主党,青森,現職,https://ja.wikipedia.org/wiki/田名部匡代,,,,
P632,谷合 正明,公明党,比例,現職,https://ja.wikipedia.org/wiki/谷合正明,,,,
P633,田村 まみ,国民民主党,比例,現職,https://ja.wikipedia.org/wiki/田村まみ,,,,
P634,[田村 麻美],無所属,,現職,,,,,
P635,司 隆史,公明党,比例,現職,https://ja.wikipedia.org/wiki/司隆史,,,,
P636,辻元 清美,立憲民主党,比例,現職,https://ja.wikipedia.org/wiki/辻元清美,https://x.com/tsujimotokiyomi,,,
P637,鶴保 庸介,自民党,和歌山,現職,https://ja.wikipedia.org/wiki/鶴保庸介,,,,
P638,出川 桃子,自民党,鳥取・島根,現職,https://ja.wikipedia.org/wiki/出川桃子,,,,
P639,寺田 静,自民党,秋田,現職,https://ja.wikipedia.org/wiki/寺田静,,,,
P640,天畠 大輔,れいわ新選組,比例,現職,https://ja.wikipedia.org/wiki/天畠大輔,,,,
P641,堂込 麻紀子,国民民主党,茨城,現職,https://ja.wikipedia.org/wiki/堂込麻紀子,,,,
P642,徳永 エリ,立憲民主党,北海道,現職,https://ja.wikipedia.org/wiki/徳永エリ,,,,
P643,[鈴木 エリ],無所属,,現職,,,,,
P644,友納 理緒,自民党,比例,現職,https://ja.wikipedia.org/wiki/友納理緒,,,,
P645,[土肥 理緒],無所属,,現職,,,,,
P646,永井 学,自民党,山梨,現職,https://ja.wikipedia.org/wiki/永井学,,,,
P647,ながえ 孝子,無所属,愛媛,現職,https://ja.wikipedia.org/wiki/ながえ孝子,,,,
P648,[永江 孝子],無所属,,現職,https://ja.wikipedia.org/wiki/[永江孝子],,,,
P649,中条 きよし,日本維新の会,比例,現職,https://ja.wikipedia.org/wiki/中条きよし,,,,
P650,[下村 清],無所属,,現職,,,,,
P651,中曽根 弘文,自民党,群馬,現職,https://ja.wikipedia.org/wiki/中曽根弘文,,,,
P652,中田 優子,参政党,福岡,現職,https://ja.wikipedia.org/wiki/中田優子,,,,
P653,中西 祐介,自民党,徳島・高知,現職,https://ja.wikipedia.org/wiki/中西祐介,,,,
P654,長浜 博行,立憲民主党,千葉,現職,https://ja.wikipedia.org/wiki/長浜博行,,,,
P655,新実 彰平,日本維新の会,京都,現職,https://ja.wikipedia.org/wiki/新実彰平,,,,
P656,西田 昌司,自民党,京都,現職,https://ja.wikipedia.org/wiki/西田昌司,,,,
P657,西田 英範,自民党,広島,現職,https://ja.wikipedia.org/wiki/西田英範,,,,
P658,西田 実仁,公明党,埼玉,現職,https://ja.wikipedia.org/wiki/西田実仁,,,,
P659,仁比 聡平,日本共産党,比例,現職,https://ja.wikipedia.org/wiki/仁比聡平,,,,
P660,庭田 幸恵,国民民主党,富山,現職,https://ja.wikipedia.org/wiki/庭田幸恵,,,,
P661,野上 浩太郎,自民党,富山,現職,https://ja.wikipedia.org/wiki/野上浩太郎,,,,
P662,野村 哲郎,自民党,鹿児島,現職,https://ja.wikipedia.org/wiki/野村哲郎,,,,
P663,芳賀 道也,国民民主党,山形,現職,https://ja.wikipedia.org/wiki/芳賀道也,,,,
P664,初鹿野 裕樹,参政党,神奈川,現職,https://ja.wikipedia.org/wiki/初鹿野裕樹,,,,
P665,橋本 聖子,自民党,比例,現職,https://ja.wikipedia.org/wiki/橋本聖子,,,,
P666,[石崎 聖子],無所属,,現職,,,,,
P667,長谷川 岳,自民党,北海道,現職,https://ja.wikipedia.org/wiki/長谷川岳,,,,
P668,長谷川 英晴,自民党,比例,現職,https://ja.wikipedia.org/wiki/長谷川英晴,,,,
P669,羽田 次郎,立憲民主党,長野,現職,https://ja.wikipedia.org/wiki/羽田次郎,,,,
P670,馬場 成志,自民党,熊本,現職,https://ja.wikipedia.org/wiki/馬場成志,,,,
P671,浜口 誠,国民民主党,比例,現職,https://ja.wikipedia.org/wiki/浜口誠,,,,
P672,浜野 喜史,国民民主党,比例,現職,https://ja.wikipedia.org/wiki/浜野喜史,,,,
P673,原田 大二郎,公明党,比例,現職,https://ja.wikipedia.org/wiki/原田大二郎,,,,
P674,原田 秀一,国民民主党,香川,現職,https://ja.wikipedia.org/wiki/原田秀一,,,,
P675,東野 秀樹,自民党,比例,現職,https://ja.wikipedia.org/wiki/東野秀樹,,,,
P676,百田 尚樹,日本保守党,比例,現職,https://ja.wikipedia.org/wiki/%E7%99%BE%E7%94%B0%E5%B0%9A%E6%A8%B9,https://x.com/aichikentjireca,,,
P677,平木 大作,公明党,比例,現職,https://ja.wikipedia.org/wiki/%E5%B9%B3%E6%9C%A8%E5%A4%A7%E4%BD%9C,https://x.com/Hiraki_Daisaku,,,
P678,平戸 航太,国民民主党,比例,現職,https://ja.wikipedia.org/wiki/平戸航太,,,,
P679,平山 佐知子,無所属,静岡,現職,https://ja.wikipedia.org/wiki/%E5%B9%B3%E5%B1%B1%E4%BD%90%E7%9F%A5%E5%AD%90,https://x.com/hirayamasachiko,,,
P680,広田 一,立憲民主党,徳島・高知,現職,https://ja.wikipedia.org/wiki/%E5%BA%83%E7%94%B0%E4%B8%80,https://x.com/hirota11,,,
P681,福岡 資麿,自民党,佐賀,現職,https://ja.wikipedia.org/wiki/%E7%A6%8F%E5%B2%A1%E8%B3%87%E9%BA%BF,https://x.com/fukuokatakamaro,,,
P682,福士 珠美,立憲民主党,青森,現職,https://ja.wikipedia.org/wiki/福士珠美,,,,
P683,福島 みずほ,社民党,比例,現職,https://ja.wikipedia.org/wiki/福島瑞穂,https://x.com/fukushimamizuho,,,
P684,[福島 瑞穂],無所属,,現職,,,,,
P685,福山 哲郎,無所属,京都,現職,https://ja.wikipedia.org/wiki/福山哲郎,https://x.com/fuku_tetsu,,,
P686,福山 守,自民党,比例,現職,https://ja.wikipedia.org/wiki/福山守,,,,
P687,藤井 一博,自民党,比例,現職,https://ja.wikipedia.org/wiki/藤井一博,,,,
P688,藤川 政人,自民党,愛知,現職,https://ja.wikipedia.org/wiki/藤川政人,,,,
P689,藤木 眞也,自民党,比例,現職,https://ja.wikipedia.org/wiki/藤木眞也,,,,
P690,船橋 利実,自民党,北海道,現職,https://ja.wikipedia.org/wiki/船橋利実,,,,
P691,舟山 康江,国民民主党,山形,現職,https://ja.wikipedia.org/wiki/舟山康江,,,,
P692,古川 俊治,自民党,埼玉,現職,https://ja.wikipedia.org/wiki/古川俊治,,,,
P693,星 北斗,自民党,福島,現職,https://ja.wikipedia.org/wiki/星北斗,,,,
P694,堀井 巌,自民党,奈良,現職,https://ja.wikipedia.org/wiki/堀井巌,,,,
P695,本田 顕子,自民党,比例,現職,https://ja.wikipedia.org/wiki/本田顕子,,,,
P696,舞立 昇治,自民党,比例,現職,https://ja.wikipedia.org/wiki/舞立昇治,,,,
P697,牧野 たかお,自民党,静岡,現職,https://ja.wikipedia.org/wiki/牧野たかお,,,,
P698,[牧野 京夫],無所属,,現職,https://ja.wikipedia.org/wiki/[牧野京夫],,,,
P699,牧山 ひろえ,立憲民主党,神奈川,現職,https://ja.wikipedia.org/wiki/牧山ひろえ,,,,
P700,[牧山 弘惠],無所属,,現職,https://ja.wikipedia.org/wiki/[牧山弘惠],,,,
P701,松川 るい,自民党,大阪,現職,https://ja.wikipedia.org/wiki/松川るい,,,,
P702,[新居 るい],無所属,,現職,,,,,
P703,松沢 成文,日本維新の会,神奈川,現職,https://ja.wikipedia.org/wiki/松沢成文,,,,
P704,松下 新平,自民党,宮崎,現職,https://ja.wikipedia.org/wiki/松下新平,,,,
P705,松田 学,参政党,比例,現職,https://ja.wikipedia.org/wiki/松田学,,,,
P706,松野 明美,日本維新の会,比例,現職,https://ja.wikipedia.org/wiki/松野明美,,,,
P707,[前田 明美],無所属,,現職,,,,,
P708,松村 祥史,自民党,熊本,現職,https://ja.wikipedia.org/wiki/松村祥史,,,,
P709,松山 政司,自民党,福岡,現職,https://ja.wikipedia.org/wiki/松山政司,,,,
P710,三浦 信祐,公明党,神奈川,現職,https://ja.wikipedia.org/wiki/%E4%B8%89%E6%B5%A6%E4%BF%A1%E7%A5%90,https://x.com/miura_nobuhiro,,,
P711,三上 えり,立憲民主党,広島,現職,https://ja.wikipedia.org/wiki/%E4%B8%89%E4%B8%8A%E7%B5%B5%E9%87%8C,https://x.com/erimikami0611,,,
P712,[川堀 絵里],無所属,,現職,,,,,
P713,水岡 俊一,立憲民主党,比例,現職,https://ja.wikipedia.org/wiki/%E6%B0%B4%E5%B2%A1%E4%BF%8A%E4%B8%80,https://x.com/mizuokakouenkai,,,
P714,水野 孝一,国民民主党,愛知,現職,https://ja.wikipedia.org/wiki/%E6%B0%B4%E9%87%8E%E5%AD%9D%E4%B8%80,https://x.com/mizuno_koichi,,,
P715,三原 じゅん子,自民党,神奈川,現職,https://ja.wikipedia.org/wiki/三原じゅん子,,,,
P716,[中根 順子],無所属,,現職,,,,,
P717,宮崎 勝,公明党,比例,現職,https://ja.wikipedia.org/wiki/宮崎勝,,,,
P718,宮沢 洋一,自民党,広島,現職,https://ja.wikipedia.org/wiki/宮沢洋一,,,,
P719,宮出 千慧,参政党,大阪,現職,https://ja.wikipedia.org/wiki/宮出千慧,,,,
P720,[高森 千慧],無所属,,現職,,,,,
P721,宮本 和宏,自民党,滋賀,現職,https://ja.wikipedia.org/wiki/宮本和宏,,,,
P722,宮本 周司,自民党,石川,現職,https://ja.wikipedia.org/wiki/宮本周司,,,,
P723,村田 享子,立憲民主党,比例,現職,https://ja.wikipedia.org/wiki/村田享子,,,,
P724,望月 良男,無所属,和歌山,現職,https://ja.wikipedia.org/wiki/望月良男,,,,
P725,森 まさこ,自民党,福島,現職,https://ja.wikipedia.org/wiki/森まさこ,,,,
P726,[三好 雅子],無所属,,現職,,,,,
P727,森 ゆうこ,立憲民主党,比例,現職,https://ja.wikipedia.org/wiki/森ゆうこ,,,,
P728,[森 裕子],無所属,,現職,https://ja.wikipedia.org/wiki/[森裕子],,,,
P729,森本 真治,立憲民主党,広島,現職,https://ja.wikipedia.org/wiki/森本真治,,,,
P730,山内 佳菜子,立憲民主党,宮崎,現職,https://ja.wikipedia.org/wiki/山内佳菜子,,,,
P731,山崎 正昭,自民党,福井,現職,https://ja.wikipedia.org/wiki/山崎正昭,,,,
P732,山下 雄平,自民党,佐賀,現職,https://ja.wikipedia.org/wiki/山下雄平,,,,
P733,山添 拓,日本共産党,東京,現職,https://ja.wikipedia.org/wiki/山添拓,,,,
P734,山田 太郎,自民党,比例,現職,https://ja.wikipedia.org/wiki/山田太郎,,,,
P735,山田 宏,自民党,比例,現職,https://ja.wikipedia.org/wiki/山田宏,,,,
P736,山田 吉彦,国民民主党,比例,現職,https://ja.wikipedia.org/wiki/山田吉彦,,,,
P737,山谷 えり子,自民党,比例,現職,https://ja.wikipedia.org/wiki/山谷えり子,,,,
P738,[小川 惠里子],無所属,,現職,https://ja.wikipedia.org/wiki/[小川惠里子],,,,
P739,山中 泉,参政党,比例,現職,https://ja.wikipedia.org/wiki/山中泉,,,,
P740,山本 啓介,自民党,長崎,現職,https://ja.wikipedia.org/wiki/山本啓介,,,,
P741,山本 佐知子,自民党,三重,現職,https://ja.wikipedia.org/wiki/山本佐知子,,,,
P742,山本 順三,自民党,愛媛,現職,https://ja.wikipedia.org/wiki/山本順三,,,,
P743,横沢 高徳,立憲民主党,岩手,現職,https://ja.wikipedia.org/wiki/横沢高徳,,,,
P744,横山 信一,公明党,比例,現職,https://ja.wikipedia.org/wiki/横山信一,,,,
P745,吉井 章,自民党,京都,現職,https://ja.wikipedia.org/wiki/吉井章,,,,
P746,吉川 沙織,立憲民主党,比例,現職,https://ja.wikipedia.org/wiki/吉川沙織,,,,
P747,吉田 忠智,立憲民主党,大分,現職,https://ja.wikipedia.org/wiki/吉田忠智,,,,
P748,ラサール石井,社民党,比例,現職,https://ja.wikipedia.org/wiki/ラサール石井,,,,
P749,[石井 朗夫],無所属,,現職,https://ja.wikipedia.org/wiki/[石井朗夫],,,,
P750,蓮舫,立憲民主党,比例,現職,https://ja.wikipedia.org/wiki/蓮舫,https://x.com/renho_sha,,,
P751,[齊藤 蓮舫],無所属,,現職,https://ja.wikipedia.org/wiki/[齊藤蓮舫],,,,
P752,若井 敦子,自民党,岐阜,現職,https://ja.wikipedia.org/wiki/若井敦子,,,,
P753,若林 洋平,自民党,静岡,現職,https://ja.wikipedia.org/wiki/若林洋平,,,,
P754,脇 雅昭,自民党,神奈川,現職,https://ja.wikipedia.org/wiki/脇雅昭,,,,
P755,渡辺 猛之,自民党,岐阜,現職,https://ja.wikipedia.org/wiki/渡辺猛之,,,,
P756,鈴木 直道,無所属,北海道,現職,https://ja.wikipedia.org/wiki/鈴木直道,https://x.com/suzukinaomichi,,,
P757,三村 申吾,無所属,青森県,現職,https://ja.wikipedia.org/wiki/三村申吾,,,,
P758,達増 拓也,無所属,岩手県,現職,https://ja.wikipedia.org/wiki/達増拓也,https://x.com/tasso_iwate,,,
P759,村井 嘉浩,無所属,宮城県,現職,https://ja.wikipedia.org/wiki/村井嘉浩,https://x.com/murai_yoshihiro,,,
P760,佐竹 敬久,無所属,秋田県,現職,https://ja.wikipedia.org/wiki/佐竹敬久,,,,
P761,吉村 美栄子,無所属,山形県,現職,https://ja.wikipedia.org/wiki/吉村美栄子,https://x.com/yoshimura_mieko,,,
P762,内堀 雅雄,無所属,福島県,現職,https://ja.wikipedia.org/wiki/内堀雅雄,https://x.com/uchibori_masao,,,
P763,大井川 和彦,無所属,茨城県,現職,https://ja.wikipedia.org/wiki/%E5%A4%A7%E4%BA%95%E5%B7%9D%E5%92%8C%E5%BD%A6,https://x.com/koigawa,,,
P764,福田 富一,無所属,栃木県,現職,https://ja.wikipedia.org/wiki/%E7%A6%8F%E7%94%B0%E5%AF%8C%E4%B8%80,https://x.com/egappetomikazu,,,
P765,山本 一太,無所属,群馬県,現職,https://ja.wikipedia.org/wiki/%E5%B1%B1%E6%9C%AC%E4%B8%80%E5%A4%AA,https://x.com/ichita_y,,,
P766,大野 元裕,無所属,埼玉県,現職,https://ja.wikipedia.org/wiki/%E5%A4%A7%E9%87%8E%E5%85%83%E8%A3%95,https://x.com/oonomotohiro,,,
P767,熊谷 俊人,無所属,千葉県,現職,https://ja.wikipedia.org/wiki/熊谷俊人,https://x.com/kumagai_chiba,,,
P768,小池 百合子,無所属,東京都,現職,https://ja.wikipedia.org/wiki/小池百合子,https://x.com/ecoyuri,,,
P769,黒岩 祐治,無所属,神奈川県,現職,https://ja.wikipedia.org/wiki/黒岩祐治,https://x.com/kuroiwayuji,,,
P770,花角 英世,無所属,新潟県,現職,https://ja.wikipedia.org/wiki/花角英世,,,,
P771,新田 八朗,無所属,富山県,現職,https://ja.wikipedia.org/wiki/新田八朗,,,,
P772,馳 浩,無所属,石川県,現職,https://ja.wikipedia.org/wiki/馳浩,https://x.com/hasehiroshi,,,
P773,杉本 達治,無所属,福井県,現職,https://ja.wikipedia.org/wiki/杉本達治,,,,
P774,長崎 幸太郎,無所属,山梨県,現職,https://ja.wikipedia.org/wiki/長崎幸太郎,,,,
P775,阿部 守一,無所属,長野県,現職,https://ja.wikipedia.org/wiki/阿部守一,,,,
P776,古田 肇,無所属,岐阜県,現職,https://ja.wikipedia.org/wiki/古田肇,,,,
P777,川勝 平太,無所属,静岡県,現職,https://ja.wikipedia.org/wiki/川勝平太,,,,
P778,大村 秀章,無所属,愛知県,現職,https://ja.wikipedia.org/wiki/大村秀章,https://x.com/hideaki_ohmura,,,
P779,一見 勝之,無所属,三重県,現職,https://ja.wikipedia.org/wiki/一見勝之,,,,
P780,三日月 大造,無所属,滋賀県,現職,https://ja.wikipedia.org/wiki/三日月大造,,,,
P781,西脇 隆俊,無所属,京都府,現職,https://ja.wikipedia.org/wiki/西脇隆俊,,,,
P782,吉村 洋文,無所属,大阪府,現職,https://ja.wikipedia.org/wiki/吉村洋文,https://x.com/hiroyoshimura,,,
P783,齋藤 元彦,無所属,兵庫県,現職,https://ja.wikipedia.org/wiki/斎藤元彦,https://x.com/motohikosaitoH,,,
P784,荒井 正吾,無所属,奈良県,現職,https://ja.wikipedia.org/wiki/荒井正吾,,,,
P785,岸本 周平,無所属,和歌山県,現職,https://ja.wikipedia.org/wiki/岸本周平,,,,
P786,平井 伸治,無所属,鳥取県,現職,https://ja.wikipedia.org/wiki/平井伸治,,,,
P787,丸山 達也,無所属,島根県,現職,https://ja.wikipedia.org/wiki/丸山達也,,,,
P788,伊原木 隆太,無所属,岡山県,現職,https://ja.wikipedia.org/wiki/伊原木隆太,,,,
P789,湯﨑 英彦,無所属,広島県,現職,https://ja.wikipedia.org/wiki/湯﨑英彦,,,,
P790,村岡 嗣政,無所属,山口県,現職,https://ja.wikipedia.org/wiki/村岡嗣政,,,,
P791,飯泉 嘉門,無所属,徳島県,現職,https://ja.wikipedia.org/wiki/飯泉嘉門,,,,
P792,池田 豊人,無所属,香川県,現職,https://ja.wikipedia.org/wiki/池田豊人,,,,
P793,中村 時広,無所属,愛媛県,現職,https://ja.wikipedia.org/wiki/中村時広,,,,
P794,濵田 省司,無所属,高知県,現職,https://ja.wikipedia.org/wiki/濵田省司,,,,
P795,服部 誠太郎,無所属,福岡県,現職,https://ja.wikipedia.org/wiki/%E6%9C%8D%E9%83%A8%E8%AA%A0%E5%A4%AA%E9%83%8E,https://x.com/Seitaro_hattori,,,
P796,山口 祥義,無所属,佐賀県,現職,https://ja.wikipedia.org/wiki/山口祥義,,,,
P797,大石 賢吾,無所属,長崎県,現職,https://ja.wikipedia.org/wiki/%E5%A4%A7%E7%9F%B3%E8%B3%A2%E5%90%BE,https://x.com/youjikinsan,,,
P798,蒲島 郁夫,無所属,熊本県,現職,https://ja.wikipedia.org/wiki/蒲島郁夫,,,,
P799,広瀬 勝貞,無所属,大分県,現職,https://ja.wikipedia.org/wiki/広瀬勝貞,,,,
P800,河野 俊嗣,無所属,宮崎県,現職,https://ja.wikipedia.org/wiki/河野俊嗣,,,,
P801,塩田 康一,無所属,鹿児島県,現職,https://ja.wikipedia.org/wiki/塩田康一,,,,
P802,玉城 デニー,無所属,沖縄県,現職,https://ja.wikipedia.org/wiki/玉城デニー,,,,
P803,浜田 聡,無所属,,候補,https://ja.wikipedia.org/wiki/浜田聡,,,,
P804,深田 萌絵,無所属,,候補,https://ja.wikipedia.org/wiki/深田萌絵,,,,
P805,平野 雨龍,無所属,,候補,https://ja.wikipedia.org/wiki/平野雨龍,,,,
P806,石丸 伸二,無所属,,候補,https://ja.wikipedia.org/wiki/石丸伸二,https://x.com/shinji_ishimaru,,,
P807,橋下 徹,無所属,,候補,https://ja.wikipedia.org/wiki/橋下徹,https://x.com/hashimoto_lo,,,
P808,田中 康夫,無所属,,候補,https://ja.wikipedia.org/wiki/田中康夫,,,,
P809,東国原 英夫,無所属,,候補,https://ja.wikipedia.org/wiki/東国原英夫,https://x.com/higashi_kokuba,,,
P810,小沢一郎,無所属,,元職,https://ja.wikipedia.org/wiki/小沢一郎,https://x.com/ozawa_j,,,
P811,鳩山一郎,無所属,,元職,https://ja.wikipedia.org/wiki/鳩山一郎,,,,
P812,菅直人,無所属,,元職,https://ja.wikipedia.org/wiki/菅直人,,,,
P813,森喜朗,無所属,,元職,https://ja.wikipedia.org/wiki/森喜朗,,,,
P815,大石 晃子,れいわ新選組,大阪5区,元職,https://ja.wikipedia.org/wiki/大石晃子,https://x.com/oishiakiko,,,
P816,山本 譲司,れいわ新選組,比例南関東,現職,https://ja.wikipedia.org/wiki/山本譲司,,,,
